timestamp,label,value,WMA,MA,EWMA,Holt-winter,Diff
1514736000,0,0,,,,,
1514739600,0,61,,,61,,
1514743200,0,1495,,,1482.8,,
1514746800,0,1208,,,899.24,,
1514750400,0,1347,,,858.392,,
1514754000,0,1483,,,822.7136,,
1514757600,0,776,,,48.82912,,
1514761200,0,769,,,46.063296,,
1514764800,0,882,,,76.1493632,,
1514768400,0,1249,,,427.9194906,,
1514772000,0,2403,,,1496.335592,,
1514775600,0,2159,,,953.068474,,
1514779200,0,2194,791.1153846,1041.333333,797.4547792,,
1514782800,0,1816,252.9102564,480.5,259.9638233,,
1514786400,0,2340,702.9871795,858.25,731.9710587,,
1514790000,0,1706,63.05128205,153.8333333,48.42315307,,
1514793600,0,1687,105.7179487,93.33333333,57.73852245,,
1514797200,0,748,1059.076923,874,985.190818,,
1514800800,0,252,1420.615385,1308.75,1284.152654,,
1514804400,0,371,1100.269231,1146.083333,908.3221235,,
1514808000,0,337,957.9487179,1146.916667,760.6576988,,
1514811600,0,325,793.5,1113.5,620.526159,,
1514815200,0,672,275.1923077,689.5,149.4209272,,
1514818800,0,980,138.8846154,237.25,188.4632582,,
1514822400,0,1579,774.3846154,460,749.7706066,,1579
1514826000,0,1504,628.6153846,436.25,524.8164853,,1443
1514829600,0,1700,757.5,658.25,615.8531882,,205
1514833200,0,1418,374.2307692,429.5833333,210.6825506,,210
1514836800,0,822,287.8589744,142.4166667,427.4539595,,525
1514840400,0,1102,14.05128205,209.6666667,61.96316764,,381
1514844000,0,1050,70.20512821,128.1666667,101.5705341,,274
1514847600,0,947,192.9230769,41.33333333,184.2564273,,178
1514851200,0,1646,512.4358974,609.6666667,551.5948582,,764
1514854800,0,1749,521.6410256,603.5833333,544.2758865,,500
1514858400,0,2618,1297.782051,1353.916667,1304.420709,,215
1514862000,0,1997,468.4871795,570.75,422.5365674,,162
1514865600,0,1540,76.32051282,29,118.9707461,,654
1514869200,0,1677,56.21794872,169.25,41.82340312,,139
1514872800,0,918,728.8205128,604.1666667,725.5412775,,1422
1514876400,0,611,942.8717949,846,887.433022,,1095
1514880000,0,835,588.7179487,554.75,485.9464176,,852
1514883600,0,576,762.3717949,814.8333333,647.7571341,,172
1514887200,0,483,730.0128205,864,611.2057073,,231
1514890800,0,346,734.0897436,953.75,625.9645658,,25
1514894400,0,327,606.3589744,922.6666667,519.7716526,,10
1514898000,0,430,361.4102564,709.75,312.8173221,,105
1514901600,0,493,189.2179487,536.8333333,187.2538577,,179
1514905200,0,855,255.3717949,2.25,212.1969138,,125
1514908800,0,1537,937.025641,779.4166667,851.7575311,1545.276739,42
1514912400,0,1391,671.1153846,633.6666667,535.4060249,1026.59554,113
1514916000,0,1536,718.6282051,802.5,573.3248199,344.7621056,164
1514919600,0,1386,445.1666667,601,308.6598559,253.8986182,32
1514923200,0,1507,473.7051282,657.4166667,367.9278847,210.1327423,685
1514926800,0,1647,512.5641026,741.4166667,434.3423078,315.5443387,545
1514930400,0,1631,382.5,636.1666667,331.4738462,224.2727367,581
1514934000,0,1487,140.6282051,396.5,121.179077,33.97756814,540
1514937600,0,1040,367.3717949,145.5833333,350.0567384,774.5525503,606
1514941200,0,1703,318.025641,458,382.9546093,320.8315496,46
1514944800,0,1515,59.56410256,163.9166667,118.3636874,1590.724378,1103
1514948400,0,1058,422.6538462,378.25,362.3090501,1410.925861,939
1514952000,0,1649,226.5384615,195.8333333,301.1527599,437.7402036,109
1514955600,0,2017,564.4102564,554.5,608.922208,369.5321503,340
1514959200,0,1112,425.8974359,402.6666667,417.8622336,863.9020726,194
1514962800,0,805,670.9487179,674.3333333,641.2897869,364.6133872,194
1514966400,0,705,667.2051282,725.9166667,613.0318295,326.6564811,130
1514970000,0,628,632.525641,736.0833333,567.4254636,605.2082216,52
1514973600,0,537,610.2820513,742.1666667,544.9403709,945.5004536,54
1514977200,0,612,421.1025641,576,360.9522967,855.2233721,266
1514980800,0,405,539.4871795,710.0833333,495.7618374,567.8498389,78
1514984400,0,592,243.2435897,470.1666667,209.6094699,672.5301354,162
1514988000,0,542,220.9102564,427.5833333,217.6875759,201.5233993,49
1514991600,0,1059,361.8717949,170.5,342.8499393,356.6069893,204
1514995200,0,929,205.6410256,40.41666667,144.2799514,639.1436465,608
1514998800,0,985,255.4230769,156.4166667,171.4239611,618.0490723,406
1515002400,0,981,227.3589744,238.4166667,133.1391689,553.4691826,555
1515006000,0,890,99.67948718,158.3333333,15.51133512,320.3412811,496
1515009600,0,701,113.6794872,37.75,176.5909319,521.5705495,806
1515013200,0,1119,310.1282051,380.5833333,276.7272545,198.6523536,528
1515016800,0,1111,243.5769231,331.6666667,213.3818036,305.9162888,520
1515020400,0,798,120.4487179,29.16666667,142.2945571,33.10772369,689
1515024000,0,878,35.96153846,35.33333333,33.83564571,65.16451733,162
1515027600,0,1196,276.6025641,313.9166667,290.9314834,136.0918445,507
1515031200,0,1584,616.3076923,651.5833333,620.7451867,636.3147106,69
1515034800,0,1624,556.0641026,604.75,536.5961494,189.9072256,566
1515038400,0,1616,455.025641,549.6666667,421.2769195,275.217082,33
1515042000,0,1331,85.46153846,207.4166667,52.02153561,348.6959354,686
1515045600,0,955,322.4487179,197.4166667,334.3827715,749.4889483,157
1515049200,0,622,625.0769231,528.25,600.5062172,420.8994852,183
1515052800,0,500,665.8076923,627.9166667,602.4049738,439.4374284,205
1515056400,0,358,711.2051282,753.1666667,623.923979,265.7173853,270
1515060000,0,291,662.3333333,756.75,566.1391832,621.872935,246
1515063600,0,522,314.9102564,457.4166667,221.9113466,758.1226984,90
1515067200,0,359,407.5384615,597.4166667,340.5290773,575.3901004,46
1515070800,0,381,293.6282051,532.1666667,250.4232618,491.7529219,211
1515074400,0,549,43.75641026,296.25,32.33860944,352.4332194,7
1515078000,0,752,204.8205128,7,177.1291124,134.6555915,307
1515081600,0,686,139.8974359,0.333333333,75.70328996,485.3888394,243
1515085200,0,766,219.9487179,157.1666667,140.562632,533.5827271,219
1515088800,0,834,263.7692308,272.25,180.4501056,347.0583155,147
1515092400,0,598,14.11538462,46.33333333,91.63991554,331.2284639,292
1515096000,0,485,134.2435897,64.66666667,186.3119324,415.3635378,216
1515099600,0,887,277.7051282,338.5833333,252.9504541,178.881861,232
1515103200,0,1010,348.6153846,417.5,325.3603632,373.682675,101
1515106800,0,773,47.38461538,120.5833333,23.28829059,150.3195467,25
1515110400,0,809,64.83333333,135.6666667,54.63063248,34.33961459,69
1515114000,0,1005,239.9615385,294.1666667,239.704506,179.4871033,191
1515117600,0,1049,238.7051282,286.1666667,235.7636048,945.6063854,535
1515121200,0,1500,645.6794872,695.5,639.6108838,96.00522234,124
1515124800,0,1387,425.6794872,520.1666667,398.6887071,293.4414418,229
1515128400,0,1167,125.6538462,241.75,98.95096565,287.7853717,164
1515132000,0,1865,786.4615385,906.3333333,777.1607725,433.6633971,910
1515135600,0,1357,139.025641,312.4166667,113.728618,247.0189956,735
1515139200,0,1354,87.96153846,246.1666667,87.98289441,139.1176065,854
1515142800,0,1248,55.91025641,67.75,35.61368447,550.848621,890
1515146400,0,1046,268.3333333,164.3333333,230.4909476,545.6997641,755
1515150000,0,1089,200.0512821,124.3333333,141.3927581,378.137855,567
1515153600,0,962,307.9230769,277.6666667,240.1142064,242.5924904,603
1515157200,0,899,328.2051282,353.4166667,255.0913652,73.16173593,518
1515160800,0,93,1079.833333,1150.583333,1010.073092,998.139976,456
1515164400,0,204,791.8205128,959.9166667,697.0584737,1012.927016,548
1515168000,0,188,660.1410256,867.9166667,573.646779,402.8597329,498
1515171600,0,167,547.6153846,789,479.9174232,214.2623768,599
1515175200,0,150,443.2307692,722.6666667,400.9339385,788.0532518,684
1515178800,0,264,218.0512821,465.75,206.7471508,217.5388117,334
1515182400,0,518,107.6025641,120.6666667,88.60227934,170.5205873,33
1515186000,0,833,441.1666667,264,385.8818235,256.0237973,54
1515189600,0,1157,724.5512821,622.5833333,632.7054588,907.8360759,147
1515193200,0,706,177.7692308,162.3333333,55.16436702,451.6534321,67
1515196800,0,1022,468.7948718,510.25,360.1314936,614.1832207,213
1515200400,0,784,152.2948718,267.25,50.10519489,98.37397911,221
1515204000,0,1106,433.1794872,598.8333333,362.0841559,466.3553614,57
1515207600,0,2055,1290.051282,1463.416667,1238.667325,644.0708092,555
1515211200,0,1128,137.9102564,382.1666667,63.93385979,518.7824642,259
1515214800,0,1250,201.1153846,425.8333333,173.1470878,152.9411627,83
1515218400,0,1062,52.3974359,147.5833333,49.48232974,491.264809,803
1515222000,0,833,304.1025641,157.4166667,268.5858638,178.435107,524
1515225600,0,670,442.8846154,367.8333333,377.868691,321.3379312,684
1515229200,0,384,672.2948718,666.5,588.2949528,22.33102783,864
1515232800,0,197,756.7564103,816.0833333,657.6359623,166.9687917,849
1515236400,0,186,642.2051282,747.0833333,537.1087698,127.101151,903
1515240000,0,100,613.2692308,789.75,515.6870158,193.6300222,862
1515243600,0,242,349.7692308,570.9166667,270.5496127,357.2388174,657
1515247200,0,378,125.9358974,389.75,80.43969014,422.3050152,285
1515250800,0,109,334.974359,598.0833333,333.3517521,231.2478439,95
1515254400,0,114,237.9615385,430.9166667,261.6814017,137.5629249,74
1515258000,0,283,2.666666667,177.4166667,40.34512135,347.9733517,116
1515261600,0,135,123.3717949,244.8333333,180.2760971,429.8743788,15
1515265200,0,126,94.70512821,176.5833333,153.2208777,212.0214285,138
1515268800,0,83,110.5384615,160.6666667,165.5767021,251.1191101,435
1515272400,0,179,10.17948718,15.75,36.46136171,364.0669865,654
1515276000,0,704,537.6025641,526.3333333,495.8309106,483.1786035,453
1515279600,0,818,570.6282051,598.0833333,510.6647285,741.6080952,112
1515283200,0,972,632.6153846,699.4166667,562.5317828,638.2354165,50
1515286800,0,1137,690.0128205,791.75,615.0254262,417.0080732,353
1515290400,0,1446,877.2051282,1026.166667,801.020341,49.65683685,340
1515294000,0,1244,517.3333333,735.1666667,438.8162728,409.3906378,811
1515297600,0,1526,686.2307692,922.5833333,633.0530182,17.49128037,398
1515301200,0,1506,524.2948718,784.9166667,486.4424146,38.07865341,256
1515304800,0,1961,858.5384615,1138,844.1539317,313.5774634,899
1515308400,0,1329,51.46153846,353.8333333,43.32314534,64.91309626,496
1515312000,0,1279,52.97435897,203.5833333,15.34148373,176.495806,609
1515315600,0,1055,308.2948718,120.0833333,236.273187,20.06794751,671
1515319200,0,338,1006.820513,910.0833333,906.0185496,448.7295784,141
1515322800,0,191,1013.807692,1026.583333,871.8148397,559.7803671,5
1515326400,0,108,938.8717949,1057.333333,780.4518717,400.7461955,8
1515330000,0,228,656.2051282,865.3333333,504.3614974,179.890899,14
1515333600,0,206,545.0769231,811.5833333,425.4891979,167.7754959,172
1515337200,0,280,346.2179487,634.25,266.3913583,224.1067213,171
1515340800,0,384,144.6410256,449.9166667,109.1130867,214.6175291,270
1515344400,0,383,76.42307692,355.75,88.29046933,234.2206117,100
1515348000,0,368,36.69230769,277.1666667,85.63237546,230.6015794,233
1515351600,0,278,84.05128205,234.4166667,158.5059004,143.6112184,152
1515355200,0,293,32.98717949,131.8333333,111.8047203,110.0232788,210
1515358800,0,234,71.70512821,108.6666667,148.4437762,371.6504603,55
1515362400,0,265,23.98717949,9.25,87.75502099,135.67593,439
1515366000,0,1196,908.4358974,927.8333333,860.7959832,1063.701471,378
1515369600,0,1155,724.6923077,803.0833333,647.6367866,746.0917319,183
1515373200,0,1170,616.1410256,730.8333333,533.1094293,413.017234,33
1515376800,0,1405,738.7051282,887.3333333,661.4875434,27.69575545,41
1515380400,0,1463,660.1923077,845.4166667,587.1900347,50.65544066,219
1515384000,0,1487,554.1282051,770.8333333,493.7520278,12.5621528,39
1515387600,0,941,110.4615385,132.9166667,150.9983778,504.7964195,565
1515391200,0,892,179.9102564,37.41666667,169.7987022,636.6257483,1069
1515394800,0,720,357.6666667,178.25,307.8389618,234.3323913,609
1515398400,0,429,621.2435897,506.0833333,537.2711694,458.216452,850
1515402000,0,280,692.3846154,666.4166667,578.8169355,73.52838748,775
1515405600,0,332,537.8589744,618.25,411.0535484,412.3751935,6
1515409200,0,294,480.7435897,661.8333333,366.8428387,313.4016215,103
1515412800,0,251,421.9230769,629.6666667,336.474271,334.9566933,143
1515416400,0,408,168.0512821,397.3333333,112.1794168,403.5092144,180
1515420000,0,378,136.9230769,363.8333333,119.7435334,258.8447755,172
1515423600,0,523,64.05128205,133.25,49.20517325,149.9763263,243
1515427200,0,587,148.5512821,9.083333333,103.3641386,341.4985996,203
1515430800,0,433,6.846153846,69.91666667,71.30868912,112.3242446,50
1515434400,0,227,202.0897436,233.5833333,263.0469513,507.1359981,141
1515438000,0,410,16.84615385,4.833333333,27.43756104,157.0847101,132
1515441600,0,1168,774.1025641,788.6666667,736.0499512,566.0352983,875
1515445200,0,487,28.23076923,46.08333333,92.16003906,488.7741519,253
1515448800,0,248,274.3205128,210.1666667,312.7280313,610.2767628,17
1515452400,0,463,26.98717949,11.83333333,35.182425,278.0415008,733
1515456000,0,1434,942.1923077,968.75,942.85406,735.0227103,279
1515459600,0,1241,600.1538462,677.1666667,561.283248,249.4044948,71
1515463200,0,2126,1380.974359,1492.75,1334.026598,568.4231995,721
1515466800,0,2192,1217.320513,1413.083333,1133.221279,420.5635827,729
1515470400,0,2008,815.9230769,1090,722.577023,114.1196886,521
1515474000,0,2117,757.2307692,1080.583333,687.0616184,289.0408115,1176
1515477600,0,1989,462.9871795,812.25,421.6492947,132.4824849,1097
1515481200,0,1982,331.025641,658.4166667,330.3194358,176.4303376,1262
1515484800,0,1652,100.2692308,197.4166667,65.74445139,242.4002728,1223
1515488400,0,1647,135.6410256,152.0833333,57.59556111,63.32636457,1367
1515492000,0,1619,187.0384615,27.41666667,74.07644889,240.3921312,1287
1515495600,0,1289,521.2564103,416.8333333,389.2611591,217.1920253,995
1515499200,0,1261,485.1282051,513.6666667,339.4089273,173.5862583,1010
1515502800,0,916,751.1025641,844.25,616.5271418,591.5710548,508
1515506400,0,546,991.2179487,1187.166667,863.2217135,889.5474235,168
1515510000,0,493,861.5769231,1108.5,743.5773708,938.8570868,30
1515513600,0,472,712.0384615,987.9166667,615.8618966,591.196964,115
1515517200,0,746,286.0512821,585.9166667,218.6895173,77.84175623,313
1515520800,0,1261,319.0897436,43.33333333,340.0483862,259.7740333,1034
1515524400,0,1154,205.4230769,3,165.0387089,178.687901,744
1515528000,0,1015,66.88461538,73,6.969032855,123.2239266,153
1515531600,0,1188,251.1153846,153.0833333,167.4247737,64.98023678,701
1515535200,0,1094,133.5641026,97.33333333,39.93981897,57.40924686,846
1515538800,0,837,138.4102564,115.9166667,225.0481448,235.5156944,374
1515542400,0,820,137.5769231,95.25,197.0385159,349.21331,614
1515546000,0,1265,322.0769231,386.5,287.3691873,172.9176422,24
1515549600,0,1470,467.6153846,562.4166667,434.8953499,145.5467521,656
1515553200,0,1481,392.0897436,496.4166667,358.9162799,75.13351852,711
1515556800,0,1295,129.7179487,228.0833333,101.1330239,108.7577639,713
1515560400,0,1448,247.6282051,312.5,233.9064191,262.3157733,669
1515564000,0,1386,137.5512821,192,125.1251353,116.214517,603
1515567600,0,980,297.9871795,224.4166667,305.8998918,53.64731248,1002
1515571200,0,647,596.4615385,542.9166667,577.7199134,145.0170493,1005
1515574800,0,526,633.9358974,633.25,583.1759307,104.0180984,1121
1515578400,0,321,741.5128205,783.0833333,671.5407446,193.6887432,1298
1515582000,0,556,386.0384615,483.6666667,302.2325957,511.6006125,733
1515585600,0,398,469.6282051,618.25,399.7860765,371.2611069,863
1515589200,0,462,310.5128205,519.0833333,255.8288612,397.1806878,454
1515592800,0,468,224.6538462,446.1666667,198.663089,362.576403,78
1515596400,0,716,91.98717949,114.6666667,89.06952882,359.0927807,223
1515600000,0,608,1.628205128,158.9166667,36.74437695,239.980576,136
1515603600,0,737,155.0769231,27.33333333,99.60449844,262.1596065,9
1515607200,0,1016,429.8717949,365.5833333,358.6835988,130.3527066,245
1515610800,0,1271,628.6282051,651.4166667,541.946879,343.8975834,117
1515614400,0,1188,445.4102564,544.1666667,350.5575032,0.414286932,173
1515618000,0,1177,350.6923077,488.0833333,269.4460026,168.0028118,11
1515621600,0,1231,329.6025641,487.8333333,269.556802,88.22746499,137
1515625200,0,855,121.4487179,36,160.3545584,526.7932361,18
1515628800,0,218,763.9871795,625.9166667,765.2836467,1275.028786,602
1515632400,0,974,88.30769231,145.0833333,143.7730826,394.2281332,291
1515636000,0,2632,1723.987179,1760.416667,1773.018466,873.4243195,1162
1515639600,0,2581,1402.153846,1529.083333,1367.414773,594.7517674,1100
1515643200,0,2609,1194.910256,1401.666667,1121.931818,547.7094786,1314
1515646800,0,2291,661.2692308,916.9166667,579.5454547,132.0382462,843
1515650400,0,2428,657.2051282,924.4166667,600.6363637,114.5002423,1042
1515654000,0,1991,77.98717949,369.75,43.50909098,88.51323765,1011
1515657600,0,1751,218.8974359,69.75,205.1927272,248.0726526,1104
1515661200,0,1568,412.6282051,160.1666667,347.1541818,190.2632448,1042
1515664800,0,1331,624.9871795,429.75,514.7233454,186.3036177,1010
1515668400,0,1462,427.8717949,307.0833333,280.7786763,30.27946412,906
1515672000,0,1643,199.6282051,176.6666667,43.62294107,237.8662808,1245
1515675600,0,1535,280.4487179,403.4166667,142.8983529,58.30840132,1073
1515679200,0,1466,287.3846154,519.1666667,183.3186823,20.43914184,998
1515682800,0,794,879.5128205,1094,818.6549458,893.896055,78
1515686400,0,560,945.2051282,1179.083333,888.9239567,846.3667658,48
1515690000,0,682,641.8076923,886.3333333,589.1391653,551.0272441,55
1515693600,0,652,535.4487179,782.25,501.3113323,709.1405282,364
1515697200,0,599,468.1025641,687.25,454.0490658,537.3173137,672
1515700800,0,495,466.3717949,675.25,467.2392526,502.8048363,693
1515704400,0,503,354.4871795,562.5833333,365.7914021,336.7071427,674
1515708000,0,478,292.9358974,498.8333333,317.6331217,120.28258,753
1515711600,0,474,220.1923077,431.75,258.1064974,85.68780499,381
1515715200,0,309,318.7692308,514.4166667,371.4851979,21.87089711,91
1515718800,0,540,8.628205128,172.25,66.18815831,63.69912608,434
1515722400,0,1403,880.8717949,773.6666667,810.0494734,344.9536967,1229
1515726000,0,1727,1085.846154,1102.916667,972.0395787,715.7136645,854
1515729600,0,1364,553.1666667,662.1666667,414.6316629,380.3180738,1245
1515733200,0,1514,601.2948718,745.1666667,481.7053304,658.6404869,777
1515736800,0,1292,264.6538462,453.8333333,163.3642643,284.5319932,1136
1515740400,0,726,371.1666667,165.5,435.3085886,49.13692763,1265
1515744000,0,687,384.7051282,215.0833333,387.2468709,181.2135871,1064
1515747600,0,531,507.6153846,387.0833333,465.7974967,246.3813933,1037
1515751200,0,509,470.0641026,411.4166667,394.6379973,435.3779184,822
1515754800,0,248,667.7692308,675,576.7103979,83.23400477,1214
1515758400,0,264,547.9230769,640.1666667,445.3683183,149.3653025,1379
1515762000,0,309,404.4358974,591.4166667,311.2946546,201.3684844,1226
1515765600,0,459,163.4487179,422.1666667,99.03572371,352.0177331,1007
1515769200,0,687,129.5,115.5,148.771421,455.3334777,107
1515772800,0,639,99.26923077,76.83333333,71.01713682,368.9539194,79
1515776400,0,797,269.0897436,141.5833333,214.8137095,318.9038985,115
1515780000,0,572,22.30769231,23.66666667,53.14903243,308.7658165,80
1515783600,0,629,82.94871795,93.33333333,14.48077405,276.3925749,30
1515787200,0,396,164.4102564,131.5833333,221.4153808,580.9073474,99
1515790800,0,442,98.16666667,61.33333333,131.1323046,536.960988,61
1515794400,0,512,18.73076923,16.08333333,34.90584368,361.2996378,34
1515798000,0,667,133.7948718,170.8333333,127.0753251,112.6264721,193
1515801600,0,329,230.4871795,202.0833333,236.33974,459.9257246,20
1515805200,0,462,66.3974359,74.5,56.07179197,504.5265447,78
1515808800,0,849,332.0641026,299.75,342.1425664,713.9891495,554
1515812400,0,921,357.9487179,339.25,345.7140531,483.7660716,806
1515816000,0,1278,662.7564103,676.75,633.5712425,201.3729044,86
1515819600,0,1179,459.6410256,524.5,407.856994,236.0858972,335
1515823200,0,1332,531.9487179,645.6666667,479.2855952,412.3809958,40
1515826800,0,908,8.615384615,158.3333333,40.57152383,357.0006955,182
1515830400,0,770,153.7435897,2.916666667,170.4572191,320.9791405,83
1515834000,0,669,254.2948718,135.0833333,237.3657753,410.7831695,138
1515837600,0,391,511.5128205,432,467.8926202,282.1000068,118
1515841200,0,399,437.0512821,413.9166667,366.3140962,293.5259295,151
1515844800,0,225,547.3717949,565.5833333,467.0512769,116.1773856,39
1515848400,0,394,291.3589744,387.9166667,204.6410215,290.9847093,85
1515852000,0,493,132.6794872,283.25,64.71281724,345.5092518,34
1515855600,0,734,151.8974359,12.58333333,189.2297462,443.7589314,47
1515859200,0,782,201.8333333,51,199.383797,467.1407513,143
1515862800,0,608,19.98717949,81.66666667,14.49296242,67.15963375,189
1515866400,0,511,64.44871795,131.0833333,108.5943699,277.9660369,61
1515870000,0,649,93.71794872,75.33333333,51.12450405,173.396424,20
1515873600,0,784,217.1282051,231.9166667,175.8996032,83.37186339,388
1515877200,0,433,169.5512821,120.25,210.2803174,564.4492378,9
1515880800,0,501,83.05128205,32.58333333,100.2242539,433.7817433,11
1515884400,0,512,67.03846154,30.75,69.17940314,371.8862684,155
1515888000,0,375,199.3076923,177.1666667,192.3435225,417.8816948,46
1515891600,0,358,189.0512821,206.6666667,170.874818,622.5529643,104
1515895200,0,331,184.2564103,230.6666667,163.6998544,1192.972986,518
1515898800,0,712,232.2307692,163.8333333,250.0401165,579.706198,209
1515902400,0,1556,1051.025641,1009.666667,1044.032093,520.9188077,278
1515906000,0,1344,683.6923077,733.1666667,623.2256745,379.3069454,165
1515909600,0,1279,505.8974359,606.8333333,433.5805396,281.1601812,53
1515913200,0,822,44.46153846,85.83333333,110.1355683,233.543287,86
1515916800,0,696,183.6666667,54.58333333,214.1084546,250.573354,74
1515920400,0,515,356.2692308,228.25,352.2867637,273.5028185,154
1515924000,0,416,420.1538462,334.0833333,380.829411,390.769169,25
1515927600,0,478,306.7564103,265,242.6635288,447.1904821,79
1515931200,0,315,428.9871795,425.1666667,357.130823,286.8955831,90
1515934800,0,443,235.5769231,292.1666667,157.7046584,360.172156,49
1515938400,0,489,144.6282051,253.25,80.16372673,337.949845,4
1515942000,0,613,18.33333333,142.4166667,59.86901861,304.108396,121
1515945600,0,643,70.24358974,104.1666667,77.89521489,338.3821922,139
1515949200,0,702,145.2692308,30.91666667,121.3161719,271.0030679,94
1515952800,0,773,211.5128205,155.4166667,168.0529375,110.028383,262
1515956400,0,531,54.3974359,44.41666667,107.55765,273.5522377,118
1515960000,0,626,47.43589744,74.83333333,8.95388002,227.714423,158
1515963600,0,593,2.923076923,47.66666667,25.83689598,288.9911821,160
1515967200,0,459,138.4102564,92.83333333,154.6695168,451.3806967,42
1515970800,0,462,121.1282051,93.41666667,120.7356134,418.2233478,50
1515974400,0,572,3.243589744,17.91666667,13.41150926,213.0932475,197
1515978000,0,999,427.4871795,423.5,437.7292074,2.667498794,641
1515981600,0,1314,677.3333333,692.1666667,665.1833659,309.2855244,983
1515985200,0,801,57.84615385,110.4166667,19.14669274,945.7145271,89
1515988800,0,1556,795.8589744,849.75,770.3173542,103.1831358,0
1515992400,0,2216,1325.128205,1433.666667,1276.253883,733.452087,872
1515996000,0,1094,17.43589744,185.5,100.9968933,532.2172305,185
1515999600,0,827,312.974359,108.25,347.7975147,242.4018501,5
1516003200,0,806,317.3205128,153.9166667,299.2380117,31.7316717,110
1516006800,0,601,498.6410256,373.9166667,444.3904094,27.45817939,86
1516010400,0,392,650.1153846,583.5833333,564.5123275,82.48072291,24
1516014000,0,527,425.3333333,443,316.609862,294.1737343,49
1516017600,0,569,315.1794872,406.4166667,211.2878896,430.8914577,254
1516021200,0,441,380.6538462,534.1666667,297.0303117,237.6468581,2
1516024800,0,556,183.474359,372.6666667,122.6242493,347.3884424,67
1516028400,0,529,153.1410256,336.5,125.0993995,200.5996279,84
1516032000,0,748,117.6282051,94.83333333,118.9204804,477.7574431,105
1516035600,0,932,316.2179487,156.5,279.1363843,551.3749913,230
1516039200,0,1132,492.1410256,463.5,423.3091075,510.9580572,359
1516042800,0,670,41.16666667,1.666666667,123.352714,105.5966002,139
1516046400,0,685,25.91025641,26.41666667,83.68217122,181.56319,59
1516050000,0,793,78.02564103,144.5,41.05426302,103.9911902,200
1516053600,0,662,75.20512821,2.5,98.15658958,284.5236565,203
1516057200,0,616,120.8205128,71,124.5252717,355.8424486,154
1516060800,0,436,289.8974359,258.4166667,279.6202173,505.3041375,136
1516064400,0,797,110.8589744,113.6666667,137.3038261,343.7106881,202
1516068000,0,1052,348.3717949,339,364.8430609,587.0258218,262
1516071600,0,1561,805.2179487,806.6666667,800.8744487,26.93314272,760
1516075200,0,1499,619.1153846,658.6666667,578.699559,339.5693244,57
1516078800,0,1872,890.7820513,969.0833333,835.9596472,113.3306745,344
1516082400,0,1297,166.6923077,315.75,93.76771775,264.1532392,203
1516086000,0,1153,25.88461538,158,68.9858258,52.61035303,326
1516089600,0,922,281.1923077,113.25,286.1886606,47.29815501,116
1516093200,0,899,286.7692308,156,251.9509285,180.2882587,298
1516096800,0,251,910.7692308,812.8333333,849.5607428,256.4183817,141
1516100400,0,220,816.7179487,809.5833333,710.6485942,176.6200281,307
1516104000,0,272,640.1666667,724.5833333,516.5188754,61.40976565,297
1516107600,0,535,265.6923077,447.9166667,150.2151003,397.7880616,94
1516111200,0,410,321.7820513,551.0833333,245.1720803,245.3445249,146
1516114800,0,583,64,324.5833333,23.1376642,373.9342341,54
1516118400,0,754,156.9358974,72.08333333,152.4898686,548.6300232,6
1516122000,0,1283,697.025641,519,650.9918949,963.00949,351
1516125600,0,854,188.1794872,139.0833333,91.79351593,222.9822281,278
1516129200,0,763,75.78205128,85,17.56518726,150.4403773,93
1516132800,0,599,101.2948718,46.5,178.0521498,137.0515371,86
1516136400,0,1655,961.8589744,1036.416667,913.5582802,871.9535625,862
1516140000,0,725,127.5897436,43.41666667,199.1533759,308.1734994,63
1516143600,0,660,199.2692308,61.08333333,224.3227007,415.6961622,44
1516147200,0,505,344.8717949,252.75,334.4581606,535.2239356,69
1516150800,0,579,231.9871795,198.1666667,193.5665284,710.2553841,218
1516154400,0,1620,839.5,839.1666667,886.1467772,70.42327485,568
1516158000,0,1809,899.3974359,927.3333333,897.9174218,59.02215339,248
1516161600,0,1596,543.7307692,612.1666667,505.3339374,500.691403,97
1516165200,0,1613,466.5512821,559,421.2671499,472.0587642,259
1516168800,0,1718,485.5512821,636.5,442.01372,3.320437604,421
1516172400,0,2051,720.6282051,897.5,686.610976,677.5959742,898
1516176000,0,1466,2.448717949,205.1666667,35.71121923,74.36513282,544
1516179600,0,1241,259.0128205,92.08333333,253.5689754,5.972039149,342
1516183200,0,1283,202.8461538,15.58333333,160.8551803,316.7197525,1032
1516186800,0,1240,243.4487179,105.0833333,171.6841442,196.4705274,1020
1516190400,0,1400,67.28205128,6.583333333,22.6526846,354.2216055,1128
1516194000,0,1422,46.29487179,46,40.12214768,249.928695,887
1516197600,0,1552,90.78205128,13.75,162.0977181,325.074061,1142
1516201200,0,1812,348.6666667,279.4166667,389.6781745,419.5803915,1229
1516204800,0,1022,484.3205128,510.8333333,478.2574604,490.1933413,268
1516208400,0,1071,356.7307692,414,333.6059683,459.1859459,212
1516212000,0,720,644.0384615,719.8333333,617.8847746,706.317971,134
1516215600,0,805,448.2948718,551.6666667,409.3078197,356.16929,42
1516219200,0,1140,28.42307692,112.8333333,7.553744226,72.14761778,541
1516222800,0,1112,39.06410256,113.6666667,21.95700462,145.0077133,543
1516226400,0,748,385.5769231,466.9166667,381.5656037,265.1235228,23
1516230000,0,656,405.7435897,514.3333333,397.252483,290.9758867,4
1516233600,0,536,446.6153846,585.6666667,437.8019864,286.2354142,31
1516237200,0,800,92.51282051,249.6666667,86.24158909,207.9312189,221
1516240800,0,799,55.1025641,198.8333333,69.99327127,747.9017304,821
1516244400,0,1042,218.4871795,106.9166667,187.005383,456.6946093,767
1516248000,0,892,52.03846154,21.08333333,0.395693615,577.1209016,704
1516251600,0,848,4.794871795,12.08333333,44.31655489,487.6850191,765
1516255200,0,980,138.6538462,138.5,96.54675609,53.4823777,738
1516258800,0,922,59.34615385,58.83333333,19.23740487,328.5585791,1129
1516262400,0,480,391.7051282,392.9166667,426.6100761,158.3307859,986
1516266000,0,261,550.2564103,556.9166667,560.2880609,200.3744393,980
1516269600,0,188,537.5769231,559,521.2304487,427.2323979,1095
1516273200,0,246,393.5769231,454.3333333,358.984359,512.7661632,994
1516276800,0,315,254.6794872,351.1666667,218.1874872,586.0117596,1085
1516280400,0,301,214.6538462,346.75,188.5499897,501.7698959,1121
1516284000,0,574,111.6923077,32.16666667,122.1600082,733.1723269,978
1516287600,0,1044,586.6410256,456.5833333,567.7280066,1000.262625,768
1516291200,0,954,426.3974359,366.4166667,364.1824053,856.0135863,68
1516294800,0,642,58.02564103,49.25,20.6540758,234.0674797,429
1516298400,0,670,78.44871795,94.41666667,11.47673936,221.3448232,50
1516302000,0,799,192.9230769,249.25,138.1813915,291.3495744,6
1516305600,0,859,214.5769231,319.5,170.5451132,138.1436674,281
1516309200,0,1554,860.4230769,982.9166667,831.4360906,554.4058008,442
1516312800,0,1294,449.2051282,615.1666667,405.1488724,278.5210988,546
1516316400,0,977,37.56410256,206,7.119097954,237.7743152,321
1516320000,0,1394,422.8717949,562.0833333,422.6952784,129.5888005,858
1516323600,0,1657,599.3974359,735.1666667,601.1562227,68.4120538,857
1516327200,0,1499,328.2948718,464.1666667,322.9249782,892.0834186,700
1516330800,0,1774,531.8846154,662.0833333,533.3399825,766.0581338,732
1516334400,0,954,389.974359,218.75,393.328014,1642.394008,62
1516338000,0,763,547.3205128,409.75,505.6624112,1625.652815,85
1516341600,0,880,367.2820513,302.8333333,287.5299289,1037.3995,100
1516345200,0,903,297.6923077,297.3333333,207.0239432,542.4446975,19
1516348800,0,930,224.9487179,279,138.6191545,42.68083974,450
1516352400,0,643,469.025641,571.9166667,397.8953236,27.5668321,382
1516356000,0,620,404.0384615,519,341.3162589,275.294772,432
1516359600,0,743,201.1923077,339.8333333,150.0530071,465.3208296,497
1516363200,0,471,420.9102564,592.3333333,392.0424057,220.0241803,156
1516366800,0,461,339.7820513,525.4166667,323.6339246,265.7860167,160
1516370400,0,759,39.05128205,127.75,39.09286036,581.1276759,185
1516374000,0,1184,483.7051282,358.9166667,456.2742883,845.7410835,140
1516377600,0,1334,578.4871795,558.0833333,515.0194306,1056.505688,380
1516381200,0,1123,281.6282051,315.4166667,201.0155445,647.9823433,481
1516384800,0,1172,282.1025641,334.4166667,209.8124356,611.9655495,502
1516388400,0,952,10.65384615,90.08333333,52.15005152,264.4737765,153
1516392000,0,908,47.20512821,42,85.72004121,59.05938746,49
1516395600,0,725,236.6666667,139.1666667,251.576033,428.3967801,829
1516399200,0,665,275.2564103,206,261.2608264,199.200526,629
1516402800,0,693,215.5641026,181.75,181.0086611,108.8565962,284
1516406400,0,720,160.6025641,150.5833333,117.8069289,137.7240789,674
1516410000,0,1159,301.5641026,267.6666667,344.7544569,14.44133838,498
1516413600,0,632,266.6153846,317.5,251.1964345,977.3038631,867
1516417200,0,799,50.76923077,139.9166667,33.95714759,873.2802938,975
1516420800,0,772,56.24358974,134.8333333,54.16571807,701.5508686,182
1516424400,0,859,51.5,1,43.66742554,541.8834922,96
1516428000,0,788,19.34615385,50,36.06605956,440.0819431,92
1516431600,0,656,143.6538462,150,160.8528477,310.2534937,247
1516435200,0,880,103.4230769,98.66666667,95.31772188,239.3521847,50
1516438800,0,611,180.7564103,168,192.7458225,181.6023039,32
1516442400,0,412,353.9102564,357.5,353.196658,177.7664163,208
1516446000,0,274,436.9102564,474.4166667,420.5573264,59.38930228,469
1516449600,0,370,267.9230769,343.5,240.4458611,282.2590099,101
1516453200,0,594,8.923076923,90.33333333,31.64331111,519.4951809,133
1516456800,0,327,244.1794872,310.25,241.6853511,135.7351696,432
1516460400,0,849,325.5512821,237.1666667,328.6517191,528.9994612,335
1516464000,0,778,218.0641026,162,191.9213753,545.9702468,556
1516467600,0,904,319.1410256,287.5,279.5371002,659.9193358,219
1516471200,0,998,368.9102564,377.75,317.6296802,689.8019614,174
1516474800,0,990,302.7948718,352.25,246.1037441,608.7522641,38
1516478400,0,1105,363.6025641,439.4166667,311.8829953,526.9880147,197
1516482000,0,726,83,41.66666667,129.4936037,190.1385017,1
1516485600,0,789,26.41025641,95.08333333,40.594883,50.12675481,124
1516489200,0,463,367.0384615,262.3333333,358.4759064,315.4308328,230
1516492800,0,516,273.6794872,225.0833333,233.7807251,301.6827341,204
1516496400,0,716,39.05128205,37.25,12.97541991,402.8317694,443
1516500000,0,1107,357.6794872,343.5833333,401.3803359,240.5119097,475
1516503600,0,824,21.82051282,4.416666667,38.10426874,786.0309729,25
1516507200,0,900,98.5,73.66666667,106.483415,595.2585634,128
1516510800,0,1066,253.1666667,229.5,251.186732,446.678564,207
1516514400,0,1400,551.8589744,550,534.9493856,22.29658125,612
1516518000,0,1592,659.2435897,708.5,619.9595085,263.4004965,936
1516521600,0,1652,610.2435897,718.3333333,555.9676068,359.5905614,772
1516525200,0,1471,318.7307692,491.75,263.7740854,283.4755441,860
1516528800,0,1376,148.0769231,334.6666667,116.0192683,268.2463789,964
1516532400,0,1477,197.5897436,386.75,193.8154147,290.4620405,1203
1516536000,0,1382,43.08974359,207.25,60.05233174,131.9635675,1012
1516539600,0,1653,282.2051282,406.0833333,319.0418654,305.8183777,1059
1516543200,0,1673,239.7307692,348,275.2334923,219.259739,1346
1516546800,0,1095,391.8076923,277.1666667,357.8132062,664.3797425,246
1516550400,0,903,541.1666667,491.75,478.2505649,581.9898464,125
1516554000,0,1031,337.5128205,364,254.6004519,263.1035937,127
1516557600,0,899,413.5128205,493.0833333,335.6803615,246.8996858,99
1516561200,0,720,516.6538462,630.3333333,447.5442892,228.6751198,270
1516564800,0,653,486.6794872,624.6666667,425.0354314,208.4085348,452
1516568400,0,799,244.5769231,395.4166667,194.0283451,5.836558994,73
1516572000,0,837,145.7435897,301.4166667,117.2226761,259.6327299,48
1516575600,0,840,96.37179487,253.5,90.77814087,356.7897842,377
1516579200,0,631,266.3717949,409.4166667,281.6225127,62.131862,115
1516582800,0,1338,503.6153846,360.1666667,481.7019898,487.0889676,622
1516586400,0,1657,767.2051282,705.4166667,704.3615919,413.5418873,550
1516590000,0,1373,374.6794872,422.75,279.4892735,162.5786521,549
1516593600,0,1383,319.6410256,409.5833333,233.5914188,204.0321521,483
1516597200,0,1559,432.6282051,545.5833333,362.873135,174.131151,493
1516600800,0,1404,193.6923077,346.5833333,135.298508,398.7225808,4
1516604400,0,1769,505.3717949,669.5,473.2388064,67.04239166,177
1516608000,0,1527,160.3717949,340.0833333,136.5910451,129.5377815,125
1516611600,0,1647,228.0512821,387.25,229.2728361,210.2649578,176
1516615200,0,1514,35.47435897,183.5833333,50.41826889,181.9566849,138
1516618800,0,444,1062.769231,942.8333333,1029.665385,941.8305242,1033
1516622400,0,290,1071.717949,1063.833333,977.7323079,826.9253296,1092
1516626000,0,461,737.0512821,864.4166667,611.1858463,490.1685548,1192
1516629600,0,564,501.0641026,688.3333333,385.9486771,189.8999926,1109
1516633200,0,906,53.16666667,255.25,33.24105835,216.8216106,189
1516636800,0,1027,107.1025641,95.33333333,147.5928467,534.6876201,124
1516640400,0,1357,451.7692308,264.3333333,448.0742773,848.4482477,326
1516644000,0,764,181.8974359,311.8333333,234.5405781,201.518757,135
1516647600,0,909,11.07692308,113.5,42.6324625,455.9765612,189
1516651200,0,1020,139.5384615,69.16666667,76.89403,491.5169464,367
1516654800,0,793,98.1025641,115.5833333,165.484776,98.1420806,6
1516658400,0,940,66.67948718,102.5833333,14.6121792,354.6311805,103
1516662000,0,788,101.1025641,1.583333333,140.3102566,203.7341032,52
1516665600,0,655,233.8589744,163.25,245.2482053,10.44549917,24
1516669200,0,730,133.7435897,118.6666667,121.1985642,304.5728907,608
1516672800,0,685,160.4871795,186.0833333,141.9588514,590.6732232,972
1516676400,0,775,41.85897436,106.1666667,23.56708112,478.2560065,598
1516680000,0,807,6.474358974,63.25,13.1463351,393.7989337,576
1516683600,0,768,22.79487179,83.91666667,28.48293192,503.9955234,791
1516687200,0,680,97.88461538,122.8333333,110.7863455,504.751662,724
1516690800,0,656,102.9871795,139.8333333,112.6290764,422.1343176,1113
1516694400,0,494,243.474359,280.75,252.1032611,330.6903015,1033
1516698000,0,395,299.2820513,335.9166667,300.6826089,137.2433761,1252
1516701600,0,500,142.6025641,197.75,135.5460871,247.1617952,1014
1516705200,0,277,335.1794872,384.0833333,331.4368697,235.2137669,167
1516708800,0,218,335.0897436,400.5,324.1494958,242.3177499,72
1516712400,0,212,279.474359,370.0833333,265.3195966,142.5675794,249
1516716000,0,556,121.4615385,17.08333333,131.7443227,492.1592539,8
1516719600,0,825,387.8333333,296.8333333,374.3954582,580.0244907,81
1516723200,0,1030,547.1666667,497.6666667,504.5163665,799.4941867,3
1516726800,0,1185,625.6025641,634.0833333,558.6130932,765.602362,172
1516730400,0,1029,372.0512821,443.3333333,290.8904746,609.5751639,265
1516734000,0,770,44.84615385,155.25,26.28762033,255.2105786,139
1516737600,0,1056,306.9615385,431.75,264.9699037,425.7504786,36
1516741200,0,1663,847.5384615,991.9166667,818.975923,870.6323235,870
1516744800,0,654,314.0641026,122.75,353.8192616,327.1510522,286
1516748400,0,1007,57.82051282,217.4166667,69.94459071,111.9869676,219
1516752000,0,1502,519.3717949,651.5833333,550.9556726,524.178971,847
1516755600,0,1054,28.87179487,96.58333333,7.235461945,458.5275061,324
1516759200,0,952,145.7307692,75.58333333,107.7883696,811.247013,267
1516762800,0,914,172.1025641,146.5833333,124.2306956,878.064992,139
1516766400,0,795,268.5512821,273,218.3845565,939.5300934,12
1516770000,0,841,180.5512821,207.4166667,128.7076452,877.49059,73
1516773600,0,656,333.6410256,363.75,287.9661162,925.0285236,24
1516777200,0,668,265.6794872,320.6666667,218.3728929,743.3652981,12
1516780800,0,366,518.3461538,614.1666667,476.6983143,737.2476054,128
1516784400,0,363,426.8589744,559.6666667,384.3586515,376.119912,32
1516788000,0,354,349.7564103,460.3333333,316.4869212,88.56838417,146
1516791600,0,410,222.9358974,379.3333333,197.1895369,291.8463918,133
1516795200,0,400,174.5769231,339.5833333,167.7516296,377.5269914,182
1516798800,0,539,16.66666667,108.75,4.798696354,448.3264091,327
1516802400,0,678,172.3974359,73.16666667,142.8389571,500.2327059,122
1516806000,0,946,429.1410256,364,382.2711657,595.5029323,121
1516809600,0,924,351.1410256,339.3333333,283.8169325,573.220769,106
1516813200,0,811,185.9358974,215.5833333,114.053546,354.5162368,374
1516816800,0,2962,2303.769231,2369.083333,2242.242837,2661.623977,1933
1516820400,0,3287,2264.294872,2501.916667,2118.794269,2504.419373,2517
1516824000,0,2844,1436.384615,1840.666667,1252.035416,1345.734187,1788
1516827600,0,2364,673.2051282,1154.166667,521.6283325,288.5419048,701
1516831200,0,1754,114.3589744,377.4166667,192.697334,338.790721,1100
1516834800,0,1443,483.4230769,50.25,465.1578672,767.7339377,436
1516838400,0,1356,562.6923077,223.3333333,459.1262938,928.5067247,146
1516842000,0,1145,739.3333333,514,578.301035,1269.293849,91
1516845600,0,941,864.2564103,768.5,666.640828,1515.845136,11
1516849200,0,760,927.025641,971.4166667,714.3126624,1556.288858,154
1516852800,0,766,771.5769231,949.9166667,565.4501299,1302.38206,29
1516856400,0,1348,43.43589744,354.75,129.6398961,582.2916949,507
1516860000,0,717,619.8589744,1030.5,527.2880832,1079.664505,61
1516863600,0,683,495.3205128,877.4166667,455.8304665,888.3559271,15
1516867200,0,663,380.3333333,680.4166667,384.6643732,512.6350419,297
1516870800,0,236,702.6538462,925.6666667,734.7314986,627.6108972,127
1516874400,0,214,582.2435897,770.3333333,609.7851989,288.1103825,140
1516878000,0,395,282.7307692,461,306.8281591,264.9871433,15
1516881600,0,442,164.8076923,326.6666667,198.4625273,469.0457809,42
1516885200,0,752,195.4487179,59.5,151.2299782,747.2678665,213
1516888800,0,1167,601.2948718,507.25,535.9839825,1061.177539,489
1516892400,0,1069,425.2564103,390.4166667,330.787186,694.6744433,123
1516896000,0,998,294.1923077,293.6666667,193.6297488,634.8151445,74
1516899600,0,1137,388.0128205,413.3333333,293.9037991,716.0127079,326
1516903200,0,1077,264.4230769,370.9166667,175.1230393,381.4523025,1885
1516906800,0,950,80.35897436,213.9166667,13.0984314,355.4100232,2337
1516910400,0,1148,245.4487179,389.6666667,208.4787451,640.8519653,1696
1516914000,0,915,47.5,116.25,66.2170039,356.9178089,1449
1516917600,0,887,93.38461538,31.66666667,80.97360312,611.6791028,867
1516921200,0,726,259.2564103,185.4166667,225.7788825,386.6499235,717
1516924800,0,601,355.7307692,338,305.623106,111.9257431,755
1516928400,0,784,120.7307692,168.25,61.4984848,99.16249914,361
1516932000,0,1257,378.1538462,302.0833333,423.8012122,328.2143292,316
1516935600,0,557,368.3205128,405.4166667,360.9590303,634.4864888,203
1516939200,0,963,100.0512821,43.25,117.2327758,283.3535451,197
1516942800,0,1130,260.3974359,213.1666667,260.7862206,415.8327751,218
1516946400,0,774,128.3974359,142.25,147.3710235,717.12551,57
1516950000,0,660,220.5128205,231,231.8968188,848.6434537,23
1516953600,0,754,90.97435897,112.8333333,91.51745504,568.278254,91
1516957200,0,272,555.6153846,562,555.213964,847.8014506,36
1516960800,0,246,495.1538462,534.4166667,470.1711712,652.8474061,32
1516964400,0,335,323.9358974,392,287.136937,322.9730973,60
1516968000,0,532,66.62820513,162.4166667,32.70954958,23.87159846,90
1516971600,0,424,149.6410256,264.6666667,134.1676397,145.7366538,328
1516975200,0,492,40.92307692,166.6666667,39.33411173,89.08108499,675
1516978800,0,678,170.7179487,83.08333333,154.5327106,124.4889248,391
1516982400,0,1212,691.9358974,607,657.6261685,823.4325233,214
1516986000,0,785,171.5512821,159.25,99.10093479,310.5586115,352
1516989600,0,829,191.0512821,232,123.2807478,253.4804648,248
1516993200,0,769,95.35897436,167.4166667,38.62459827,368.1799658,181
1516996800,0,796,96.6025641,185.3333333,57.89967861,477.867059,352
1517000400,0,880,152.0897436,265.8333333,130.3197429,638.9485954,35
1517004000,0,861,92.19230769,196.1666667,85.25579431,844.2499402,26
1517007600,0,679,119.9871795,37.08333333,113.7953645,617.1164437,47
1517011200,0,751,42.28205128,6.25,19.03629164,557.441349,150
1517014800,0,546,248.2435897,217,220.2290333,71.9829995,238
1517018400,0,727,33.85897436,46.16666667,4.81677335,18.72448676,530
1517022000,0,642,111.7564103,150.75,81.14658132,125.6747814,85
1517025600,0,752,21.43589744,37.75,45.08273494,231.5072893,211
1517029200,0,886,161.2435897,134.5833333,170.066188,391.2547829,244
1517032800,0,799,53.53846154,39.16666667,49.05295036,386.3350877,25
1517036400,0,616,135.4871795,141.3333333,143.7576397,651.2786707,44
1517040000,0,444,285.7435897,300.5833333,287.0061118,748.4498767,310
1517043600,0,284,399.5,431.25,389.6048894,645.2131897,12
1517047200,0,207,410.1538462,458.5833333,388.6839115,601.0711272,39
1517050800,0,220,326.6025641,391.0833333,297.9471292,440.5046975,115
1517054400,0,423,63.43589744,149.8333333,35.35770338,145.1203029,109
1517058000,0,254,209.3846154,291.5,197.2861627,333.5046483,170
1517061600,0,521,102.4615385,0.166666667,109.1710698,60.56144566,29
1517065200,0,846,427.4871795,342,412.3368559,239.7915751,168
1517068800,0,987,515.8717949,466,470.8694847,393.8897022,225
1517072400,0,872,329.1794872,331.4166667,261.6955878,361.2119277,87
1517076000,0,876,282.1923077,336.5833333,213.3564702,261.3372358,47
1517079600,0,745,99.41025641,199.1666667,39.68517616,283.0008061,24
1517083200,0,958,281.7692308,401.4166667,244.7481409,579.4683065,162
1517086800,0,919,181.0128205,319.5833333,156.7985127,568.6870078,39
1517090400,0,775,12.15384615,122.6666667,18.5611898,630.2333787,86
1517094000,0,534,272.025641,165.6666667,255.8489518,431.8461401,145
1517097600,0,566,214.5384615,159.8333333,172.6791615,394.7855196,185
1517101200,0,664,91.94871795,73.75,40.14332918,345.0503034,118
1517104800,0,434,310.6025641,337.9166667,262.1146633,185.1615065,293
1517108400,0,735,42.38461538,29.66666667,91.30826933,162.5410701,93
1517112000,0,833,144.9487179,77.58333333,171.0466155,10.72337924,81
1517115600,0,883,183.0128205,140.4166667,186.8372924,258.8750898,3
1517119200,0,676,45.58974359,67.5,57.53016611,409.4781128,123
1517122800,0,619,92.20512821,107.8333333,103.0241329,508.7360249,3
1517126400,0,561,133.6153846,155.3333333,140.4193063,517.9039803,117
1517130000,0,249,421.7179487,434.25,424.335445,651.5517916,35
1517133600,0,190,413.9102564,437.4166667,398.468356,617.2086437,17
1517137200,0,221,315.6153846,357.6666667,287.7746848,482.4637438,1
1517140800,0,302,179.5897436,250.5833333,149.2197479,367.6290855,121
1517144400,0,484,40.96153846,46.58333333,62.62420171,141.1498703,230
1517148000,0,588,152.1282051,72.41666667,154.0993614,131.822418,67
1517151600,0,1186,738.9871795,657.5833333,721.2794891,392.1028705,340
1517155200,0,1454,905.8205128,888,845.0235913,596.3671429,467
1517158800,0,1233,548.2051282,615.25,455.018873,392.6073314,361
1517162400,0,1384,604.5512821,737.0833333,515.0150984,418.3627005,508
1517166000,0,1442,549.1538462,736.0833333,470.0120787,556.803179,697
1517169600,0,1594,587.9102564,819.5,528.009663,641.7714822,636
1517173200,0,1367,234.8333333,506.4166667,195.4077304,381.4585067,448
1517176800,0,1584,373.9230769,630.25,373.3261843,788.2962489,809
1517180400,0,1357,49.96153846,287.0833333,71.66094745,554.4089702,823
1517184000,0,1300,51.20512821,135.4166667,0.328757959,355.2335455,734
1517187600,0,741,631.0384615,506.75,558.7369936,388.5834998,77
1517191200,0,1029,265.0769231,240.1666667,158.9895949,192.8391659,595
1517194800,0,826,431.1282051,479.9166667,330.1916759,426.5308697,91
1517198400,0,851,332.2948718,424.9166667,239.1533407,508.9778645,18
1517202000,0,836,281.9230769,389.6666667,206.3226726,675.4468024,47
1517205600,0,1046,11.97435897,146.5833333,44.94186193,263.9226034,370
1517209200,0,463,572.4230769,701.4166667,547.0465105,870.516176,156
1517212800,0,448,479.5128205,634.8333333,452.6372084,716.4958469,113
1517216400,0,236,593.8461538,751.3333333,574.1097667,634.7325788,13
1517220000,0,223,491.2564103,670.0833333,472.2878134,509.6118895,33
1517223600,0,197,414.1666667,582.6666667,403.8302507,425.6131069,24
1517227200,0,247,274.525641,436,273.0642005,324.4637294,55
1517230800,0,469,14.55128205,126.25,3.548639562,57.52248211,15
1517234400,0,545,109.974359,27.58333333,78.83891165,52.42621757,43
1517238000,0,1048,617.2179487,515.75,566.0711293,315.6026189,138
1517241600,0,1495,984.8717949,944.25,899.8569035,723.3555023,41
1517245200,0,1706,1050.602564,1101.583333,930.8855228,995.5908987,473
1517248800,0,1852,1027.128205,1175.083333,890.7084182,904.3006624,468
1517252400,0,2153,1147.346154,1408.916667,1013.566735,1159.637521,711
1517256000,0,1698,475.5897436,813.0833333,355.8533877,472.5651022,104
1517259600,0,1403,55.5,413.9166667,10.31728988,195.632809,36
1517263200,0,1228,183.1794872,141.6666667,183.2538319,165.8640102,356
1517266800,0,1014,418.974359,156.0833333,360.6030655,115.1047915,343
1517270400,0,1521,112.0384615,282.8333333,218.5175476,625.4500854,221
1517274000,0,1077,375.474359,267.3333333,269.1859619,76.58361257,336
1517277600,0,1013,398.3461538,382,279.3487695,207.6481006,16
1517281200,0,1229,123.5769231,205,7.479015637,14.98148127,403
1517284800,0,1212,109.0384615,237.0833333,22.98321251,205.2681324,361
1517288400,0,837,447.5641026,588.5,393.38657,798.6840438,1
1517292000,0,868,326.025641,485.0833333,283.709256,635.2668359,178
1517295600,0,732,387.3974359,539.0833333,362.9674048,636.5933886,269
1517299200,0,411,625.4615385,741.6666667,611.3739238,882.4145793,37
1517302800,0,359,563.3589744,686.4166667,541.0991391,636.3266481,123
1517306400,0,319,497.7564103,639.4166667,472.8793113,573.6196528,96
1517310000,0,182,536.3846154,700.6666667,515.303449,614.4120099,15
1517313600,0,151,459.5897436,662.3333333,443.2427592,578.2876831,96
1517317200,0,250,258.6923077,449.1666667,255.5942074,421.7402175,219
1517320800,0,576,136.4102564,54.25,121.5246341,75.49507164,31
1517324400,0,778,346.7564103,184.1666667,299.2197073,42.69358746,270
1517328000,0,970,510.4230769,413.75,431.3757658,150.8534149,525
1517331600,0,1215,691.7692308,678.9166667,590.1006127,585.3069878,491
1517335200,0,1307,679.3205128,739.4166667,564.0804901,610.3667505,545
1517338800,0,977,235.5641026,372.8333333,121.2643921,338.0806293,1176
1517342400,0,1102,303.2051282,477.4166667,222.0115137,623.557587,596
1517346000,0,1241,368.7564103,558.8333333,316.6092109,907.0026754,162
1517349600,0,821,137.2179487,65.33333333,166.7126312,578.5348282,407
1517353200,0,849,119.2692308,51.5,105.370105,762.6680052,165
1517356800,0,1196,219.8076923,342.9166667,262.703916,943.247965,325
1517360400,0,690,338.9487179,250.1666667,295.8368672,385.3311925,387
1517364000,0,1246,255.5384615,269.1666667,319.3305062,721.1677748,233
1517367600,0,985,46.87179487,47.66666667,5.535595006,224.6015509,244
1517371200,0,1254,229.4615385,204.0833333,264.571524,254.471161,42
1517374800,0,1234,178.0641026,160.4166667,191.6572192,28.53233545,397
1517378400,0,821,259.6153846,254.1666667,259.6742246,567.684563,47
1517382000,0,709,332.5128205,325.6666667,319.7393797,639.4109532,23
1517385600,0,475,516.4102564,537.3333333,489.7915038,839.3201693,64
1517389200,0,288,620.7435897,672.0833333,578.833203,858.9318943,71
1517392800,0,240,565.3461538,640.6666667,511.0665624,843.5394645,79
1517396400,0,140,566.7820513,692.25,508.8532499,849.826785,42
1517400000,0,203,397.2820513,570.1666667,344.0825999,731.9885074,52
1517403600,0,184,328.5641026,506.4166667,294.26608,735.1895504,66
1517407200,0,458,23.34615385,190.25,38.58713604,468.5568669,118
1517410800,0,812,406.6153846,229.4166667,384.8697088,229.571895,34
1517414400,0,1398,957.3205128,829.8333333,893.8957671,352.677747,428
1517418000,0,1774,1205.653846,1193.833333,1091.116614,788.475407,559
1517421600,0,1723,970.9871795,1097.833333,821.8932909,597.9867122,416
1517425200,0,1651,730.0897436,950.6666667,585.5146327,602.332368,674
1517428800,0,1521,453.8333333,742.1666667,338.4117062,496.3025852,419
1517432400,0,1973,791.6538462,1107,722.729365,1039.95758,732
1517436000,0,1998,646.3461538,991.5833333,603.183492,1144.245532,1177
1517439600,0,1702,197.7948718,549.0833333,186.5467936,800.938756,853
1517443200,0,2065,476.3205128,781.9166667,512.2374349,898.6044382,869
1517446800,0,1460,248.974359,21.75,195.2100521,279.3014618,770
1517450400,0,1325,387.3205128,219.5833333,291.1680417,164.7302665,79
1517454000,0,1163,515.5384615,453.8333333,394.9344334,326.5707683,178
1517457600,0,977,631.7179487,669.0833333,501.9475467,645.1034211,277
1517461200,0,1360,145.7820513,251,18.55803735,262.7860476,126
1517464800,0,796,671.1666667,780.5,578.8464299,773.3276337,25
1517468400,0,750,597.0897436,749.25,509.0771439,671.727922,41
1517472000,0,555,676.8205128,869.1666667,602.2617151,738.1743256,80
1517475600,0,308,790.1025641,1035.666667,728.8093721,782.9092329,20
1517479200,0,364,574.7692308,840.9166667,527.0474977,632.2569201,124
1517482800,0,270,539.3974359,798.75,515.6379981,633.3188761,130
1517486400,0,232,454.5128205,717.4166667,450.5103985,646.8207189,29
1517490000,0,2089,1512.858974,1292.333333,1496.591681,1237.865722,1905
1517493600,0,1992,1217.038462,1142.916667,1100.273345,645.7127848,1534
1517497200,0,847,103.7948718,57.66666667,264.781324,970.4778918,35
1517500800,1,3801,2859.076923,2922.666667,2742.174941,1969.345124,2403
1517504400,1,10052,8660.435897,8938.333333,8444.739953,7756.967105,8278
1517508000,1,7957,5190.307692,6119,4660.791962,3750.404016,6234
1517511600,1,11876,8167.923077,9441.25,7647.63357,6579.619968,10225
1517515200,1,9763,4602.423077,6401.083333,4005.106856,2538.054989,8242
1517518800,1,9234,3088.641026,5104.75,2675.085485,749.6621658,7261
1517522400,1,9707,2776.294872,4833.916667,2613.068388,499.2224065,7709
1517526000,1,9691,2016.615385,4039.333333,2074.45471,198.4504567,7989
1517529600,1,9901,1605.179487,3464.25,1869.563768,847.8576691,7836
1517533200,1,8766,62.78205128,1523.5,360.6510145,2257.245491,7306
1517536800,1,8226,837.1666667,427.0833333,251.4791884,3134.926618,6901
1517540400,1,6642,2486.871795,1676.416667,1785.183351,4587.029381,5479
1517544000,1,6527,2343.961538,2274.333333,1543.146681,4249.282754,5550
1517547600,1,7639,882.0641026,1389.5,122.5173445,2651.910787,6279
1517551200,1,8059,248.2948718,768.4166667,321.9861244,1696.986276,7263
1517554800,1,9109,919.9230769,273.0833333,1307.5889,372.0099478,8359
1517558400,1,9303,1071.910256,697.6666667,1240.07112,151.8563991,8748
1517562000,1,6637,1701.423077,1930,1673.943104,2802.237901,6329
1517565600,1,5152,2889.5,3198.583333,2824.154483,3808.591672,4788
1517569200,1,4207,3342.410256,3764,3204.323587,3893.930823,3937
1517572800,1,3714,3256.333333,3800,3056.458869,3446.439561,3482
1517576400,1,4918,1467.717949,2080.416667,1241.167096,1582.684009,2829
1517580000,1,5461,604.6538462,1216.75,449.9336764,389.4653665,3469
1517583600,1,4645,1233.461538,1802.333333,1175.946941,683.1056154,3798
1517587200,1,5003,598.1794872,1277.916667,582.7575529,350.6993392,1202
1517590800,1,6459,1054.423077,305.0833333,989.7939577,789.1431942,3593
1517594400,1,7080,1628.487179,1024.416667,1412.835166,2421.139115,877
1517598000,1,6940,1330.884615,966,990.2681329,1945.648224,4936
1517601600,1,6409,651.2692308,615.75,261.2145063,2186.001589,3354
1517605200,1,6870,1017.538462,1317.916667,669.9716051,2884.718032,2364
1517608800,1,7967,1911.782051,2395.5,1632.977284,3926.490962,1740
1517612400,1,8079,1655.24359,2272.916667,1418.381827,3701.054804,1612
1517616000,1,7653,879.5641026,1524.25,708.7054618,2501.734241,2248
1517619600,1,7002,5.935897436,545,84.03563057,1760.028959,1764
1517623200,1,5970,1121.782051,660.6666667,1099.228504,194.7298158,2256
1517626800,1,6509,481.1410256,164.0833333,340.3828036,766.2538442,133
1517630400,1,5859,1105.897436,969.4166667,922.3062428,435.6053272,668
1517634000,1,6248,567.7564103,651.75,348.8449943,612.0051508,1391
1517637600,1,6157,558.4871795,725.1666667,370.0759954,842.9027041,1902
1517641200,1,6568,35.92307692,237.25,114.9392037,687.9556616,2541
1517644800,1,6185,382.4230769,589.25,291.0486371,1152.416068,3118
1517648400,1,6384,92.76923077,371.5833333,33.83890966,409.180739,253
1517652000,1,6629,209.3974359,86.08333333,217.9288723,194.407769,1477
1517655600,1,4792,1614.358974,1811.583333,1662.656902,2216.775222,585
1517659200,1,2077,4050.653846,4252.666667,4045.125522,4801.245692,1637
1517662800,1,1475,3998.397436,4390,3838.100417,5119.469567,3443
1517666400,1,1745,3053.012821,3659.416667,2800.480334,3890.077138,3716
1517670000,1,2425,1810.025641,2627.333333,1560.384267,2007.856464,2220
1517673600,1,3086,744.8205128,1626,587.3074137,1174.93886,1917
1517677200,1,4078,497.3333333,402.9166667,522.154069,497.9074844,2381
1517680800,1,5615,2096.320513,1314.916667,1954.723255,2116.576995,1465
1517684400,1,6340,2619.025641,2085.083333,2288.778604,2725.457326,600
1517688000,1,6842,2800.24359,2606.083333,2333.022883,3855.580223,433
1517691600,1,6414,1971.307692,2123.333333,1438.418307,3203.991055,456
1517695200,1,8361,3591.641026,4067.833333,3097.734645,4836.859536,394
1517698800,1,8249,2853.820513,3811.5,2366.187716,4176.63853,170
1517702400,1,8083,2101.435897,3357.416667,1726.950173,3250.288245,430
1517706000,1,7905,1406.910256,2678.916667,1203.560138,2836.79858,903
1517709600,1,7854,943.7692308,2092.083333,911.8481107,2130.776163,1884
1517713200,1,7319,86.91025641,1048,194.4784886,915.3880117,810
1517716800,1,7276,117.3205128,597.1666667,112.5827909,242.7750415,1417
1517720400,1,8980,1494.807692,1952,1794.066233,1006.563468,2732
1517724000,1,8702,916.5,1265.5,1157.252986,30.20659241,2545
1517727600,1,9940,1959.807692,2246.25,2163.802389,399.7994642,3372
1517731200,1,10294,1968.230769,2300.25,2085.041911,120.981256,4109
1517734800,1,10087,1407.346154,1805.583333,1461.033529,374.4368672,3703
1517738400,1,6025,2932.435897,2562.5,2893.173177,4968.422436,604
1517742000,1,4701,3862.205128,3691.833333,3638.538541,5468.893666,91
1517745600,1,3697,4298.230769,4400.166667,3914.830833,5417.825937,1620
1517749200,1,3541,3777.282051,4190.666667,3287.864667,5230.555498,2066
1517752800,1,3237,3436.564103,4131,2934.291733,4859.94279,1492
1517756400,1,3376,2662.025641,3607.25,2208.433387,3697.403785,951
1517760000,1,4521,962.0641026,2133.666667,621.7467093,2179.761133,1435
1517763600,1,6252,1097.192308,173.0833333,1233.602633,634.8150309,2174
1517767200,1,7906,2777.820513,1708.25,2640.882106,1747.485035,2291
1517770800,1,8499,3108.012821,2367.583333,2705.705685,2257.278177,2159
1517774400,1,11254,5498.769231,5242.666667,4919.564548,5628.459678,4412
1517778000,1,8958,2396.205128,2866.666667,1639.651638,2862.876146,2544
1517781600,1,9950,2947.179487,3952.75,2303.721311,3365.680508,1589
1517785200,1,8884,1273.064103,2559.666667,776.9770485,2228.149686,635
1517788800,1,8004,0.730769231,1331.083333,258.4183612,1280.471786,79
1517792400,1,8672,462.4871795,1640.166667,461.265311,2406.654989,767
1517796000,1,8310,151.8461538,850.5833333,7.012248839,1839.38185,456
1517799600,1,8700,107.2948718,817.8333333,395.6097991,2064.147411,1381
1517803200,1,7247,1471.525641,1078.833333,1136.512161,75.86300586,29
1517806800,1,8441,111.5512821,112,284.7902714,463.9665427,539
1517810400,1,9429,893.6794872,693.5833333,1215.832217,1212.441805,727
1517814000,1,8991,348.974359,128.6666667,534.6657737,155.7459949,949
1517817600,1,9270,608.1794872,366.6666667,706.732619,136.4855874,1024
1517821200,1,7905,813.2307692,833,799.6139048,1431.486158,2182
1517824800,1,4707,3883.076923,3943.25,3837.691124,3945.084922,1318
1517828400,1,2817,5166.423077,5396.333333,4960.152899,4907.142502,1884
1517832000,1,2078,5075.217949,5629.75,4707.122319,4505.060134,1619
1517835600,1,2221,4066.102564,4992.916667,3622.697855,4061.281049,1320
1517839200,1,2396,3122.961538,4280.333333,2723.158284,3381.567165,841
1517842800,1,1211,3649.448718,4972.5,3363.526627,3960.590453,2165
1517846400,1,4352,256.5512821,1207.416667,450.178698,562.4867506,169
1517850000,1,5991,2081.307692,672.8333333,1999.142958,329.7686636,261
1517853600,1,7604,3590.794872,2490,3212.314367,2068.356197,302
1517857200,1,8455,4058.717949,3493.083333,3420.851493,2648.945575,44
1517860800,1,8724,3790.320513,3806.75,3005.681195,2859.275232,2530
1517864400,1,8710,3190.666667,3838.25,2390.544956,3425.660006,248
1517868000,1,9342,3232.166667,4403.166667,2544.435965,3406.585597,608
1517871600,1,7950,1162.75641,2624.916667,643.5487717,2146.369183,934
1517875200,1,7235,43.92307692,1482.166667,200.1609826,1564.437563,769
1517878800,1,7694,274.8974359,1511.416667,298.8712139,2266.041382,978
1517882400,1,8690,1038.371795,2051.333333,1235.096971,3202.682295,380
1517886000,1,7037,930.2179487,126.1666667,664.9224231,1048.320887,1663
1517889600,1,7431,516.8076923,217.6666667,137.9379385,1441.455963,184
1517893200,1,6958,956.3205128,947.25,583.3503508,214.1507044,1483
1517896800,1,7176,592.5897436,809.8333333,248.6802806,234.1783919,2253
1517900400,1,7447,197,503.1666667,72.05577549,341.6376535,1544
1517904000,1,6909,657.5897436,957.1666667,480.3553796,1054.350462,2361
1517907600,1,5768,1651.333333,1946.916667,1525.284304,1646.933255,2137
1517911200,0,1360,5759.807692,6109.75,5628.227443,4829.004201,3347
1517914800,0,261,5918.846154,6543.583333,5601.581954,4537.729346,2556
1517918400,0,180,4993.141026,5983.833333,4562.265563,3499.019947,1898
1517922000,0,464,3788.551282,5111.916667,3365.812451,3109.85232,1757
1517925600,0,578,2888.102564,4395.416667,2578.649961,2751.634319,1818
1517929200,0,729,2060.884615,3568.416667,1911.919969,2014.653679,482
1517932800,0,1051,1189.897436,2720.75,1207.535975,2432.924625,3301
1517936400,0,706,1116.320513,2534.083333,1311.02878,3283.015688,5285
1517940000,0,1121,311.4615385,1598.083333,633.8230239,2143.207101,6483
1517943600,0,1444,257.3974359,770.5,184.0584191,1017.898644,7011
1517947200,0,1237,168.9358974,477.25,354.2467353,113.8783992,7487
1517950800,0,1407,412.3589744,165.4166667,113.3973882,1729.416172,7303
1517954400,0,1633,612.9102564,754.8333333,135.2820894,2303.392822,7709
1517958000,0,1095,41.21794872,194.0833333,429.7743285,3020.327689,6855
1517961600,0,1194,27.92307692,223.5833333,244.8194628,3836.633185,6041
1517965200,0,1286,85.52564103,231.0833333,103.8555702,4179.573202,6408
1517968800,0,1357,120.974359,233.5833333,12.08445617,4157.135866,7333
1517972400,0,1763,491.0384615,574.6666667,396.3324351,4675.894087,5274
1517976000,0,1452,91.62820513,177.5,6.065948049,3890.822501,5979
1517979600,0,1534,146.3205128,226.0833333,86.85275844,2782.474521,5424
1517983200,0,793,629.4615385,583.9166667,671.5177932,1304.696138,6383
1517986800,0,438,894.6282051,911.5833333,892.2142346,316.4703902,7009
1517990400,0,119,1073.384615,1146.75,1032.771388,185.3393615,6790
1517994000,0,117,898.9615385,1055.583333,828.2171101,256.8190454,5651
1517997600,0,79,774.5641026,986.0833333,700.5736881,1471.709071,1281
1518001200,0,99,602.8589744,836.5833333,540.4589505,1221.788844,162
1518004800,0,12,561.1538462,840.5833333,519.3671604,352.5719234,168
1518008400,0,35,408.8333333,719.0833333,392.4937283,1089.738497,429
1518012000,0,46,287.2051282,603.8333333,302.9949827,2114.555546,532
1518015600,0,69,171.3076923,471.5833333,219.3959861,2595.08812,660
1518019200,0,558,390.2435897,158.5833333,313.4832111,3484.312005,493
1518022800,0,1107,914.8461538,782.0833333,799.7865689,3873.018706,401
1518026400,0,1460,1147.525641,1170.666667,992.8292551,3614.886452,339
1518030000,0,1172,679.4230769,827.0833333,506.2634041,3682.731867,272
1518033600,0,1444,824.1794872,1037.916667,677.0107233,2501.235277,207
1518037200,0,1526,746.5,1009.5,623.6085786,1057.749247,119
1518040800,0,1033,98.19230769,399.0833333,5.886862891,1120.041945,600
1518044400,0,1564,567.7948718,850.5833333,535.7094903,989.9415188,469
1518048000,0,1589,461.9358974,753.5,453.5675923,1843.002039,395
1518051600,0,1163,79.98717949,196.0833333,63.1459262,1926.829798,123
1518055200,0,1542,268.8461538,481.0833333,328.483259,2671.672767,185
1518058800,0,1566,218.8333333,380.4166667,286.7866072,3087.082468,197
1518062400,0,1257,148.6923077,53.33333333,79.57071421,2875.497299,195
1518066000,0,1707,309.5128205,338.4166667,386.3434286,2684.275685,173
1518069600,0,1283,166.5512821,135.5833333,114.9252571,1952.235211,490
1518073200,0,943,485.6923077,460.8333333,431.9402057,1154.369807,505
1518076800,0,746,611.7948718,638.75,542.5521645,800.5057944,627
1518080400,0,317,942.525641,1009.583333,863.0417316,621.5520806,200
1518084000,0,1252,147.7948718,26.16666667,244.5666147,2601.326029,1173
1518087600,0,1172,63.76923077,72.08333333,115.6532918,2079.497903,1073
1518091200,0,1129,31.85897436,82.41666667,49.5226334,1201.533771,1117
1518094800,0,1023,61.46153846,150.0833333,66.38189328,363.0379315,988
1518098400,0,1086,24.62820513,75.41666667,9.894485378,1400.530969,1040
1518102000,0,1170,120.2307692,46.58333333,91.9155883,1997.850833,1101
1518105600,0,378,678.9358974,712.4166667,718.4675294,4281.003431,180
1518109200,0,704,243.3333333,313.1666667,248.7740235,4775.068195,403
1518112800,0,1311,411.8461538,377.4166667,407.9807812,4191.634645,149
1518116400,0,1367,409.7820513,431.0833333,382.384625,3834.012668,195
1518120000,0,1650,626.4615385,678.75,588.9077,2838.985654,206
1518123600,0,927,200.9615385,119.5833333,251.87384,2389.083579,599
1518127200,0,1239,129.4358974,141.5833333,110.500928,1342.065472,206
1518130800,0,1011,120.3461538,85.33333333,139.5992576,247.3166087,553
1518134400,0,883,235.2179487,199.9166667,239.6794061,650.1542271,706
1518138000,0,834,253.4615385,228.4166667,240.7435249,1470.301392,329
1518141600,0,1022,30.32051282,24.66666667,4.594819898,2148.69859,520
1518145200,0,946,102.525641,95.33333333,79.67585592,2675.579963,620
1518148800,0,1062,28.14102564,39.33333333,52.25931527,3194.951412,195
1518152400,0,1351,311.0897436,271.3333333,330.8074522,2986.458758,356
1518156000,0,957,124.6538462,176.5833333,129.3540382,2506.045148,326
1518159600,0,900,154.4871795,204.0833333,160.4832306,2150.860825,43
1518163200,0,452,571.0897436,613.1666667,576.3865845,1506.241814,294
1518166800,0,301,627.7564103,664.3333333,612.1092676,1567.469014,16
1518170400,0,1292,465.4487179,378.8333333,501.3125859,3134.154589,40
1518174000,0,1317,432.1666667,399.4166667,426.0500688,2709.798955,145
1518177600,0,1125,178.7179487,181.9166667,148.840055,1687.582535,4
1518181200,0,1177,202.7307692,213.75,171.072044,405.0242623,154
1518184800,0,1141,133.8461538,149.1666667,100.8576352,778.9131054,55
1518188400,0,1094,63.8974359,92.25,33.68610816,1620.680855,76
1518192000,0,941,103.2948718,73.08333333,126.0511135,3074.745324,563
1518195600,0,834,199.0512821,170,207.8408908,4312.043962,130
1518199200,0,1627,620.1025641,666.0833333,626.7272874,3895.118212,316
1518202800,0,1068,41.37179487,51.25,57.6181701,4447.433279,299
1518206400,0,1275,157.7435897,244.25,160.9054639,3718.803882,375
1518210000,0,1892,737.1666667,792.6666667,745.7243711,1943.607182,965
1518213600,0,2050,773.2179487,818.0833333,754.5794969,1443.710995,811
1518217200,0,2313,910.3589744,1017.916667,866.6635975,145.2307688,1302
1518220800,0,1473,86.24358974,94.91666667,146.669122,260.2937915,590
1518224400,0,1404,169.8461538,3.083333333,186.3352976,490.6159952,570
1518228000,0,2167,593.6282051,741,613.9317619,1770.4907,1145
1518231600,0,2730,1042.628205,1218.5,1054.14541,2881.924927,1784
1518235200,0,2635,760.1666667,987.1666667,748.3163276,3011.886448,1573
1518238800,0,2769,742.2948718,980,732.6530621,2671.646707,1418
1518242400,0,2352,174.525641,401.75,169.1224497,2273.935262,1395
1518246000,0,1676,563.2820513,334.6666667,540.7020402,1378.160381,776
1518249600,0,1511,676.7948718,550.3333333,597.5616322,1280.286492,1059
1518253200,0,1294,809.1282051,787,695.0493058,1326.012607,993
1518256800,0,1983,0.948717949,48.16666667,132.9605554,2413.082232,691
1518260400,0,1899,75.64102564,126.5833333,22.36844431,2145.443325,582
1518264000,0,1909,46.16666667,82.08333333,27.89475545,1677.832237,784
1518267600,0,1262,680.5384615,765.4166667,624.6841956,19.99706098,85
1518271200,0,1014,810.7820513,1001.583333,747.7473565,1047.929741,127
1518274800,0,234,1436.692308,1685.5,1378.197885,2329.880214,860
1518278400,0,464,947.3846154,1247.5,872.5583082,2893.755413,477
1518282000,0,1420,200.5384615,110.5833333,257.9533535,2780.824763,586
1518285600,0,807,395.4487179,611.1666667,406.6373172,4078.640253,820
1518289200,0,1103,5.423076923,186.4166667,29.30985378,3579.3289,35
1518292800,0,822,257.7435897,419.6666667,304.447883,3592.073657,453
1518296400,0,1388,372.8205128,203.75,322.4416936,2145.496256,504
1518300000,0,1066,19.47435897,126.0833333,64.04664514,2125.371865,984
1518303600,0,1301,273.8717949,185.3333333,183.7626839,859.2160859,1012
1518307200,0,1702,646.3589744,636.1666667,548.0101471,523.5876659,229
1518310800,0,1882,728.4871795,833.4166667,618.4081177,1310.879964,478
1518314400,0,1428,146.2692308,327.75,40.72649415,1036.415733,739
1518318000,0,1433,100.8461538,298.25,37.58119532,1619.692287,1297
1518321600,0,1245,133.0384615,10.33333333,157.9350437,1999.652607,1390
1518325200,0,1518,138.3717949,218.25,146.651965,2207.133461,1251
1518328800,0,1426,12.79487179,118.0833333,25.321572,2461.374495,926
1518332400,0,1250,181.3717949,109.5,155.7427424,2334.354177,426
1518336000,0,826,588.525641,545.75,548.5941939,1926.572028,685
1518339600,0,432,898.5641026,940.0833333,832.8753551,1757.544113,862
1518343200,0,1370,184.0641026,77.58333333,271.6997159,2914.934292,613
1518346800,0,1126,71.87179487,191.75,26.64022729,2491.231111,773
1518350400,0,1165,3.371794872,138.1666667,17.68781817,2105.932642,744
1518354000,0,1270,122.8846154,11.58333333,119.1502545,1376.664336,8
1518357600,0,1142,6.897435897,65.41666667,32.67979637,328.5305347,128
1518361200,0,888,250.8333333,295.5833333,280.1438371,577.9963995,654
1518364800,0,593,500.3589744,545.1666667,519.1150697,2077.500163,129
1518368400,0,457,552.4871795,626.8333333,551.2920557,3421.011512,963
1518372000,0,357,556.0512821,638.4166667,541.0336446,4027.653748,450
1518375600,1,2704,1889.166667,1797.666667,1914.173084,1726.983547,1601
1518379200,1,7238,6146.602564,6210.5,6065.338467,2473.193939,6416
1518382800,1,8297,6250.141026,6735.166667,5911.270774,2492.006883,6909
1518386400,1,8279,5195.961538,6061.75,4711.016619,1223.652066,7213
1518390000,1,7074,3058.384615,4281,2563.813295,618.3015007,5773
1518393600,1,7251,2576.769231,3962.333333,2228.050636,534.2854848,5549
1518397200,1,6663,1379.179487,2867.166667,1194.440509,1192.426616,4781
1518400800,1,7675,1950.076923,3429.75,1967.552407,119.2242837,6247
1518404400,1,7302,1049.423077,2512.333333,1201.041926,392.8274043,5869
1518408000,1,8262,1622.910256,2937.833333,1920.833541,940.660562,7017
1518411600,1,8633,1541.935897,2669.75,1907.666832,930.9199291,7115
1518415200,1,10384,2882.205128,3739.416667,3277.133466,2799.950686,8958
1518418800,1,10982,2904.910256,3501.833333,3219.706773,2943.220915,9732
1518422400,1,9014,398.1666667,844,607.7654182,454.2384272,8188
1518426000,1,10649,1903.320513,2331,2121.212335,2213.942908,10217
1518429600,1,9058,46.29487179,544,105.9698677,125.8361565,7688
1518433200,1,4932,4255.987179,3646.916667,4041.224106,3882.725706,3806
1518436800,1,2869,5757.923077,5531.416667,5295.979285,5107.097602,1704
1518440400,1,1597,6178.935897,6438.25,5508.783428,5439.068265,327
1518444000,1,1856,4929.435897,5757.083333,4148.026742,4081.716169,714
1518447600,1,2243,3656.730769,4885.166667,2931.421394,2656.101616,1355
1518451200,1,2735,2413.166667,3971.583333,1853.137115,1965.891688,2142
1518454800,1,2412,2125.153846,3834,1805.509692,2561.055209,1955
1518458400,1,2845,1102.307692,2882.583333,1011.407754,2001.316493,2488
1518462000,1,1748,1755.833333,3351.333333,1906.126203,3290.765011,956
1518465600,1,2874,114.2435897,1455.833333,398.9009623,2168.052407,4364
1518469200,1,7174,4409.730769,3355.833333,3980.87923,2892.456812,1123
1518472800,1,6290,3009.448718,2761.416667,2300.703384,1740.38786,1989
1518476400,1,6741,3035.615385,3443.083333,2291.562707,2584.569353,333
1518480000,1,7108,2872.910256,3659.333333,2200.250166,2915.223449,143
1518483600,1,7791,2992.935897,3989.083333,2443.200133,3516.157568,1128
1518487200,1,9632,4220.230769,5313.916667,3795.560106,4689.26178,1957
1518490800,1,10924,4694.705128,5957.916667,4328.448085,5354.729593,3622
1518494400,1,10994,3848.102564,5304.5,3532.758468,4397.437451,2732
1518498000,1,4217,3744.974359,2160.75,3950.793226,3626.281767,4416
1518501600,0,1086,6543.551282,5442.166667,6291.634581,6020.749233,9298
1518505200,0,822,5970.294872,5559.583333,5297.307664,4639.327901,10160
1518508800,0,610,5326.974359,5694.416667,4449.846132,2795.327119,8404
1518512400,0,318,4742.910256,5797.75,3851.876905,1802.043316,10331
1518516000,0,285,3883.948718,5259.416667,3114.501524,241.9973633,8773
1518519600,0,339,3020.807692,4705,2437.601219,1611.949096,4593
1518523200,0,292,2343.961538,4218.5,1997.080975,2248.326471,2577
1518526800,0,284,1702.961538,3658.5,1605.66478,2215.954064,1313
1518530400,0,358,1066.115385,2958.916667,1210.531824,1787.492231,1498
1518534000,0,512,456.8974359,2032.083333,814.4254594,1490.765311,1731
1518537600,0,438,218.2692308,1238.416667,725.5403676,421.8921239,2297
1518541200,0,462,3.743589744,334.75,556.432294,557.3894901,1950
1518544800,0,359,55.24358974,124.8333333,548.1458352,1452.876235,2486
1518548400,0,212,183.0384615,211.25,585.5166682,2146.572774,1536
1518552000,0,390,27.46153846,17.58333333,290.4133346,2876.972057,2484
1518555600,0,472,106.7564103,117.9166667,150.3306676,3170.643019,6702
1518559200,0,929,545.6153846,562.0833333,336.7354659,1810.519616,5361
1518562800,0,1066,596.1410256,645.4166667,406.3883727,788.9480106,5675
1518566400,0,881,311.8461538,399.8333333,140.1106982,337.2767464,6227
1518570000,0,1273,642.3333333,742.75,504.0885585,708.326311,6518
1518573600,0,1227,482.0641026,614.3333333,357.2708468,661.9317089,8405
1518577200,0,1247,407.5512821,561.9166667,305.8166775,1209.115497,9677
1518580800,0,2070,1144.102564,1323.666667,1067.653342,2607.662293,8924
1518584400,0,1590,460.4615385,707.6666667,374.1226736,3214.833563,2627
1518588000,0,1470,231.5897436,493.6666667,179.2981389,3264.753594,384
1518591600,0,766,548.3589744,302.9166667,560.5614889,2175.122603,56
1518595200,0,742,525.7564103,373.0833333,472.4491911,2323.690794,132
1518598800,0,376,834.3589744,768.4166667,743.9593529,1629.982525,58
1518602400,0,359,733.1410256,777.4166667,612.1674823,1702.471842,74
1518606000,0,421,551.5384615,667.9166667,427.7339859,2233.570143,82
1518609600,0,233,636.7820513,802.1666667,530.1871887,1832.615204,59
1518613200,0,283,463.3717949,698.1666667,374.1497509,1293.005361,1
1518616800,0,346,292.9615385,552.6666667,236.3198008,490.0458358,12
1518620400,0,389,164.9358974,436.25,146.0558406,175.4589681,123
1518624000,0,668,181.1794872,85.75,162.1553275,885.162089,230
1518627600,0,427,46.62820513,209.9166667,111.275738,2157.160133,35
1518631200,0,437,4.333333333,103,79.02059039,2858.236375,78
1518634800,0,401,24.48717949,52.91666667,99.21647231,3374.47654,189
1518638400,0,430,12.65384615,6.5,50.37317785,4167.922133,40
1518642000,0,348,70.34615385,49.5,122.2985423,4545.268671,124
1518645600,0,1367,956.2692308,971.8333333,921.1611662,2735.707802,438
1518649200,0,1070,509.7564103,590.8333333,439.9289329,2259.410409,4
1518652800,0,1191,539.8589744,657.75,472.9431464,1353.955963,310
1518656400,0,1045,292.6666667,431.9166667,232.3545171,843.6882794,228
1518660000,0,1199,380.2179487,522.4166667,339.8836137,343.5509711,28
1518663600,0,1152,252.8461538,404.3333333,224.9068909,319.1051101,95
1518667200,0,1363,401.6410256,551.75,390.9255127,1164.412075,707
1518670800,0,1266,219.7564103,396.8333333,215.7404102,2508.341572,324
1518674400,0,1073,34.29487179,133.9166667,20.40767184,2809.088063,397
1518678000,0,819,308.8974359,173.0833333,270.3261375,2643.673025,53
1518681600,0,423,678.2692308,603.9166667,612.26091,2492.760092,319
1518685200,0,351,657.3589744,675.3333333,561.808728,2353.468386,25
1518688800,0,302,602.4615385,724.5833333,498.4469824,2391.959905,57
1518692400,0,204,588.9871795,733.8333333,496.7575859,2666.903008,217
1518696000,0,206,474.0897436,659.6666667,395.4060687,2542.819114,27
1518699600,0,215,363.6025641,568.5833333,307.324855,1987.482735,68
1518703200,0,279,212.1282051,435.4166667,181.859884,1228.298836,67
1518706800,0,425,0.858974359,212.75,0.512092812,648.2916568,36
1518710400,0,423,31.58974359,154.1666667,1.590325751,402.8916583,245
1518714000,0,351,16.69230769,147.8333333,73.2722606,1427.397487,76
1518717600,0,504,159.0512821,81.41666667,94.38219152,2077.017951,67
1518721200,0,606,248.525641,230.8333333,177.5057532,2617.916003,205
1518724800,0,725,332.0128205,367.5833333,261.0046026,3464.997458,295
1518728400,0,676,226.4615385,293.4166667,159.8036821,4036.945523,328
1518732000,0,685,190.3205128,275.3333333,136.8429456,3796.303985,682
1518735600,0,546,8.961538462,104.4166667,29.52564348,3151.396054,524
1518739200,0,877,323.8974359,406.9166667,307.3794852,2092.038881,314
1518742800,0,918,302.2948718,392,286.9035882,1388.895816,127
1518746400,0,963,286.9871795,378.4166667,274.5228705,1007.029041,236
1518750000,0,990,255.7692308,348.4166667,246.6182964,255.4532678,162
1518753600,0,1151,363.1666667,462.3333333,358.2946371,530.7476442,212
1518757200,0,1050,191.0384615,300.6666667,185.6357097,1818.959272,216
1518760800,0,769,136.2179487,38.58333333,132.4914322,2185.61604,304
1518764400,0,578,321.2820513,251.6666667,296.9931458,2323.453949,241
1518768000,0,438,422.5641026,389.3333333,377.5945166,2618.6318,15
1518771600,0,363,437.6666667,440.4166667,377.0756133,2570.318456,12
1518775200,0,194,538.9102564,583.3333333,470.6604906,2527.473347,108
1518778800,0,161,482.1666667,575.4166667,409.5283925,2879.094356,43
1518782400,0,172,382.6410256,532.3333333,316.622714,2815.709452,34
1518786000,0,82,390.7435897,563.5833333,343.2981712,2259.01705,133
1518789600,0,64,322.0384615,511.9166667,292.638537,1537.502562,215
1518793200,0,192,115.2820513,309,106.1108296,1010.594488,233
1518796800,0,85,174.7435897,349.5,191.8886637,24.21347465,338
1518800400,0,117,88.97435897,228.6666667,121.5109309,846.0345465,234
1518804000,0,116,54.79487179,151.9166667,98.20874474,1674.743381,388
1518807600,0,250,102.5769231,36.5,55.43300421,2206.398698,356
1518811200,0,476,322.9615385,289.8333333,270.3464034,2938.557313,249
1518814800,0,802,604.3717949,612.6666667,542.2771227,3215.646054,126
1518818400,0,697,405.1153846,471.0833333,328.8216982,3390.983372,12
1518822000,0,822,457.6410256,554.1666667,388.0573585,2781.753973,276
1518825600,0,630,180.3846154,307.0833333,118.4458868,2619.037187,247
1518829200,0,650,153.1410256,288.9166667,114.7567095,2053.132243,268
1518832800,0,634,92.69230769,225.5833333,75.80536756,1743.082302,329
1518836400,0,754,177.9871795,298.0833333,180.6442941,924.671304,236
1518840000,0,833,211.1282051,330.25,223.5154352,238.7735133,318
1518843600,0,893,220.3205128,327.9166667,238.8123482,1162.654749,157
1518847200,0,723,0.128205128,93.25,21.04987855,1743.585783,46
1518850800,0,685,52.47435897,4.666666667,21.16009716,2149.135333,107
1518854400,0,650,88.19230769,66.58333333,51.92807773,2592.280851,212
1518858000,0,429,298.9487179,302.0833333,262.5424622,2467.354269,66
1518861600,0,312,369.474359,388,327.0339697,2564.462219,118
1518865200,0,215,406.7820513,452.9166667,358.6271758,2847.451542,54
1518868800,0,158,394.1025641,459.3333333,343.9017406,2792.827948,14
1518872400,0,102,379.4358974,476,331.1213925,2424.989054,20
1518876000,0,71,337.2051282,461.3333333,295.897114,1827.290026,7
1518879600,0,118,219.2307692,367.4166667,189.7176912,1288.705795,74
1518883200,0,130,150.7051282,302.4166667,139.774153,514.6964366,45
1518886800,0,135,99.17948718,238.8333333,106.8193224,300.1200508,18
1518890400,0,245,47.56410256,65.66666667,24.5445421,1005.959756,129
1518894000,0,166,21.33333333,104.8333333,59.36436632,1837.599676,84
1518897600,0,198,26.79487179,29.58333333,15.49149305,2773.417408,278
1518901200,0,525,358.3461538,335.0833333,314.6068056,3097.850218,277
1518904800,0,513,294.7948718,315.0833333,239.6854444,3240.054852,184
1518908400,0,544,277.3205128,329.3333333,222.7483556,2922.887122,278
1518912000,0,883,565.6538462,640.9166667,517.1986844,2291.732327,253
1518915600,0,905,489.0512821,602.5,435.7589476,1957.679276,255
1518919200,0,849,340.3589744,479.5833333,292.607158,1837.992166,215
1518922800,0,981,398.5769231,546.75,366.0857264,1197.412809,227
1518926400,0,943,276.4615385,436.8333333,254.8685811,750.6685569,110
1518930000,0,1191,457.2564103,617.0833333,451.8948649,670.4278006,298
1518933600,0,878,49.32051282,216.0833333,48.51589194,1087.061945,155
1518937200,0,794,67.92307692,79.33333333,45.18728645,1512.495975,109
1518940800,0,542,332.1282051,225,288.1498292,1819.999295,108
1518944400,0,462,377.5128205,333.6666667,310.5198633,2066.341755,33
1518948000,0,281,507.1794872,509.4166667,429.4158907,2235.979913,31
1518951600,0,286,423.8076923,485.0833333,338.5327125,2726.391675,71
1518955200,0,225,410.1794872,524.5833333,331.82617,2790.566493,67
1518958800,0,112,442.474359,582.75,378.460936,2514.971235,10
1518962400,0,211,253.8205128,417.6666667,203.7687488,2211.24545,140
1518966000,0,235,165.5641026,340.5,139.0149991,1730.023229,117
1518969600,0,522,173.8205128,8.666666667,175.7880008,1319.918802,392
1518973200,0,293,56.51282051,185.25,88.36959939,261.5465056,158
1518976800,0,190,131.0128205,213.4166667,173.6956795,658.040794,55
1518980400,0,189,99.17948718,157.0833333,139.9565436,1363.467514,23
1518984000,0,172,92.01282051,123.6666667,128.9652349,2327.611523,26
1518987600,0,812,567.0128205,547.1666667,536.8278121,2428.359176,287
1518991200,0,1075,745.8333333,781,692.4622497,2485.551836,562
1518994800,0,1088,638.6794872,727.8333333,566.9697997,2497.054225,544
1518998400,0,756,194.7051282,329,121.5758398,2849.106772,127
1519002000,0,1015,403.0897436,543.75,356.2606718,2323.788336,110
1519005600,0,1077,381.4358974,530.5,347.0085375,2121.146007,228
1519009200,0,1107,329.8205128,488.3333333,307.60683,1706.219079,126
1519012800,0,1288,435.6923077,596.6666667,427.085464,1067.630904,345
1519016400,0,916,28.1025641,160.8333333,30.33162882,475.2772505,275
1519020000,0,844,124.8461538,36.91666667,96.26530305,345.9048872,34
1519023600,0,879,95.52564103,17.41666667,42.01224244,1001.215612,85
1519027200,0,489,488.2051282,430.0833333,423.609794,1274.940416,53
1519030800,0,404,507.0384615,541.5,423.8878352,1658.848155,58
1519034400,0,345,482.7307692,566.5,398.1102681,2094.11097,64
1519038000,0,262,478.5769231,588.6666667,401.4882145,2541.373438,24
1519041600,0,311,339.0128205,470.8333333,272.1905716,2844.627462,86
1519045200,0,305,272.5769231,439.75,223.7524573,2809.496341,193
1519048800,0,376,133.9230769,309.5833333,108.0019658,2555.861747,165
1519052400,0,232,230.2948718,395.1666667,230.4015727,1989.327256,3
1519056000,0,167,234.5,387.25,249.3212581,1305.222005,355
1519059600,0,181,160.9230769,279.8333333,185.4570065,726.9597801,112
1519063200,0,736,437.1282051,336.4166667,406.6343948,565.6384075,546
1519066800,0,717,366.3717949,326.4166667,306.3075158,292.3884322,528
1519070400,0,667,266.1538462,289.9166667,195.0460127,1395.060933,495
1519074000,0,701,255.5512821,309.0833333,190.0368101,2355.076821,111
1519077600,0,644,151,227.3333333,95.02944811,2823.584161,431
1519081200,0,661,133.025641,219.4166667,93.02355849,2833.927445,427
1519084800,0,902,340.2692308,427.1666667,315.4188468,2548.089754,146
1519088400,0,529,98.44871795,4.916666667,120.6649226,2869.879166,486
1519092000,0,899,270.7948718,356.25,273.4680619,2331.451304,178
1519095600,0,1093,409.9871795,506.6666667,412.7744496,1817.449275,14
1519099200,0,1132,371.0384615,473.9166667,369.2195596,1436.937609,156
1519102800,0,862,28.12820513,123.5,25.37564772,784.8753725,54
1519106400,0,730,122.8717949,65.25,111.6994818,102.1550006,114
1519110000,0,625,217.8333333,169.75,194.3595855,406.8481328,254
1519113600,0,522,294.7179487,265.0833333,258.4876684,1075.355311,33
1519117200,0,307,468.9358974,468,421.7901347,1348.443084,97
1519120800,0,340,363.9358974,402.1666667,304.4321078,1921.249316,5
1519124400,0,343,299.0641026,373.8333333,240.5456862,2477.54104,81
1519128000,0,251,333.5512821,439.3333333,284.436549,2666.613115,60
1519131600,0,310,206.9615385,326.0833333,168.5492392,2807.398633,5
1519135200,0,256,210.7948718,361.8333333,188.8393913,2539.541813,120
1519138800,0,524,112.8717949,40.25,116.9284869,2549.346323,292
1519142400,0,647,242.0641026,130.1666667,216.5427895,2098.722831,480
1519146000,0,484,59.03846154,7.583333333,10.23423164,1293.571097,303
1519149600,0,562,135.8717949,117.0833333,86.18738531,561.3631272,174
1519153200,0,523,78.85897436,92.08333333,29.94990825,184.729104,194
1519156800,0,788,329.6923077,365.5833333,288.9599266,828.0169852,121
1519160400,0,788,273.4487179,343.4166667,231.1679413,1815.031994,87
1519164000,0,877,309.6153846,392.3333333,273.934353,2225.381791,233
1519167600,0,724,96.25641026,194.5833333,66.14748242,2602.433384,63
1519171200,0,622,35.67948718,60.83333333,49.08201407,2839.611059,280
1519174800,0,704,36.96153846,111.9166667,42.73438875,2672.931575,175
1519178400,0,818,133.7435897,193.0833333,148.187511,2600.241264,81
1519182000,0,1300,586.0384615,628.25,600.5500088,1900.169544,207
1519185600,0,1274,463.3846154,537.5833333,454.440007,1699.134857,142
1519189200,0,1124,230.6794872,335.3333333,213.5520056,1038.614404,262
1519192800,0,691,253.9102564,151,262.1583955,764.8831995,39
1519196400,0,545,376.6794872,307.75,355.7267164,268.7675141,80
1519200000,0,341,533.3333333,513.5833333,488.5813731,330.9336844,181
1519203600,0,252,543.3205128,565.3333333,479.8650985,869.0206434,55
1519207200,0,155,553.3461538,617.6666667,480.8920788,1369.048168,185
1519210800,0,195,418.3205128,517.5,344.713663,2058.847294,148
1519214400,0,249,284.7051282,419.4166667,221.7709304,2539.228184,2
1519218000,0,178,291.1794872,459.3333333,248.4167443,2649.882,132
1519221600,0,282,116.5128205,311.5,94.73339547,2717.603259,26
1519225200,0,281,69.58974359,267.8333333,76.78671638,2517.32196,243
1519228800,0,381,71.61538462,82.91666667,38.5706269,2219.579277,266
1519232400,0,449,152.3717949,59.5,98.85650152,1842.62245,35
1519236000,0,705,399.2179487,371.75,335.0852012,1366.33735,143
1519239600,0,371,8.025641026,36.58333333,65.93183903,322.0059274,152
1519243200,0,400,31.3974359,80.08333333,23.74547122,537.5914042,388
1519246800,0,786,405.0769231,461.1666667,367.003623,1032.274656,2
1519250400,0,671,219.1282051,301.6666667,178.6028984,1762.335775,206
1519254000,0,833,334.7179487,420.6666667,304.8823187,1900.005979,109
1519257600,0,813,250,347.5,223.905855,2229.155466,191
1519261200,0,817,200.5384615,304.5,183.124684,2385.0888,113
1519264800,0,703,39.69230769,137.25,32.49974719,2716.964187,115
1519268400,0,1005,320.5769231,404.1666667,327.9997978,2388.257134,295
1519272000,0,964,217.3974359,302.8333333,221.3998382,2219.944752,310
1519275600,0,838,44.80769231,128.25,51.11987056,1599.287469,286
1519279200,0,725,87.92307692,17.16666667,72.10410355,977.1335991,34
1519282800,0,255,555.2820513,488.8333333,527.6832828,873.3712819,290
1519286400,0,104,631.0769231,630.1666667,573.1466263,202.9423094,237
1519290000,0,336,302.1282051,373.5,226.517301,690.9401869,84
1519293600,0,152,428.6666667,520,365.2138408,1080.81687,3
1519297200,0,195,305.6666667,433.75,249.1710727,1753.661117,0
1519300800,0,221,212.9358974,354.5833333,173.3368581,2235.192469,28
1519304400,0,249,130.3846154,277.25,110.6694865,2545.084416,71
1519308000,0,244,92.73076923,234.9166667,93.5355892,2575.257291,38
1519311600,0,303,2.41025641,137.6666667,15.82847136,2562.511534,22
1519315200,0,376,96.58974359,6.166666667,60.33722291,2341.583522,5
1519318800,0,429,150.5384615,95.83333333,101.2697783,2045.872526,20
1519322400,0,464,170.7948718,164.9166667,116.0158227,1436.346611,241
1519326000,0,506,187.4230769,228.6666667,134.8126581,970.5095774,135
1519329600,0,336,17.75641026,37.75,62.14987349,56.78984342,64
1519333200,0,715,355.4358974,397.4166667,329.2801012,571.2530817,71
1519336800,0,591,170.2948718,241.8333333,139.424081,1299.918594,80
1519340400,0,437,20.91025641,51.25,42.46073523,1856.751547,396
1519344000,0,595,129.2051282,189.0833333,124.0314118,1998.324724,218
1519347600,0,733,238.1153846,295.9166667,237.2251295,2085.144825,84
1519351200,0,169,371.4102564,308.4166667,374.2198964,2929.576656,534
1519354800,0,327,165.9615385,144.1666667,141.3759171,2802.10345,678
1519358400,0,1068,597.2179487,594.8333333,627.8992663,1826.561145,104
1519362000,0,646,83.70512821,115.1666667,80.31941302,1726.230453,192
1519365600,0,584,3.987179487,35.08333333,2.255530419,1168.499589,141
1519369200,0,502,83.41025641,56.91666667,80.19557566,688.6783897,247
1519372800,0,243,333.6538462,315.5833333,323.1564605,311.4566917,139
1519376400,0,257,271.1025641,293.8333333,244.5251684,206.4479965,79
1519380000,0,199,283.8974359,313.6666667,253.6201347,739.5630504,47
1519383600,0,69,365.6410256,411,332.8961078,1196.373337,126
1519387200,0,145,226.4102564,304.3333333,190.3168862,1780.979096,76
1519390800,0,152,172.5897436,259.8333333,145.253509,2147.961407,97
1519394400,0,330,45.38461538,33.41666667,61.79719281,2488.446545,86
1519398000,0,375,95.52564103,1.833333333,94.43775425,2537.29001,72
1519401600,0,259,20.19230769,121.8333333,40.4497966,2224.951397,117
1519405200,0,326,65.55128205,12.58333333,34.64016272,2075.742483,103
1519408800,0,432,169.6153846,145.25,133.7121302,1689.433822,32
1519412400,0,430,145.2692308,155.9166667,104.9697041,1254.056883,76
1519416000,0,305,3.717948718,36.91666667,41.02423669,418.6176265,31
1519419600,0,436,121.6025641,162.75,98.18061065,336.4275679,279
1519423200,0,336,3.435897436,47.83333333,21.45551148,960.6793021,255
1519426800,0,498,151.2051282,198.4166667,144.8355908,1183.044013,61
1519430400,0,758,380.6794872,422.6666667,375.8684727,1364.432463,163
1519434000,0,726,283.6538462,339.5833333,268.6947781,1789.220964,7
1519437600,0,560,65.41025641,125.75,48.9558225,2226.646593,391
1519441200,0,621,107.0641026,167.5833333,100.164658,2452.190434,294
1519444800,0,683,143.2820513,209.0833333,142.1317264,2490.749343,385
1519448400,0,570,1.884615385,60.75,0.705381119,2047.098236,76
1519452000,0,614,32.76923077,84.41666667,44.5643049,1478.060357,30
1519455600,0,564,30.21794872,19.25,14.34855608,1038.345567,62
1519459200,0,317,280.1794872,238.9166667,258.4788449,682.8063905,74
1519462800,0,195,365.4230769,361.9166667,328.7830759,337.9030096,62
1519466400,0,81,423.7435897,455.8333333,377.0264607,156.1513802,118
1519470000,0,69,365.6153846,446.5833333,313.6211686,791.2583653,0
1519473600,0,141,224.9102564,338.8333333,178.8969349,1392.258806,4
1519477200,0,174,139.7820513,254.4166667,110.1175479,1852.725426,22
1519480800,0,192,82.64102564,190.4166667,70.09403831,2098.046998,138
1519484400,0,261,15.65384615,90.75,12.92476935,2317.03826,114
1519488000,0,230,1.384615385,91.75,20.66018452,2268.417087,29
1519491600,0,397,179.7307692,113,150.4718524,2317.342745,71
1519495200,0,236,1.346153846,33.58333333,40.62251809,1750.813691,196
1519498800,0,313,83.51282051,74.91666667,44.50198553,1522.656167,117
1519502400,0,395,153.9871795,177.8333333,117.6015884,1034.258443,90
1519506000,0,522,253.6282051,298.3333333,221.0812707,308.357791,86
1519509600,0,320,5.730769231,69.08333333,25.13498341,437.296677,16
1519513200,0,435,110.1025641,164.1666667,94.89201327,787.0208037,63
1519516800,0,297,53.15384615,4.333333333,62.08638938,1443.693916,461
1519520400,0,490,140.5128205,175.6666667,143.3308885,1583.595681,236
1519524000,0,487,110.4871795,146.3333333,111.6647108,1861.314992,73
1519527600,0,779,379.974359,413.75,381.3317686,1939.608129,158
1519531200,0,669,206.3205128,260.5833333,195.0654149,2313.787355,14
1519534800,0,555,52.23076923,110,42.05233193,2051.864585,15
1519538400,0,484,35.69230769,25.83333333,37.35813446,1762.080604,130
1519542000,0,209,314.6666667,269.8333333,304.8865076,1623.71643,355
1519545600,0,262,220.1538462,208.1666667,190.9092061,947.374812,55
1519549200,0,219,231.1282051,240.0833333,195.7273648,554.5450143,24
1519552800,0,160,253.1923077,273.8333333,215.5818919,61.34797222,79
1519556400,0,279,92.06410256,141.5,53.4655135,635.2046935,210
1519560000,0,75,274.2948718,332.5,246.7724108,890.0608725,66
1519563600,0,212,86.14102564,177,60.41792864,1496.185412,38
1519567200,0,158,112.9102564,207.8333333,102.3343429,1730.718128,34
1519570800,0,296,57.06410256,42.41666667,56.13252567,2100.984309,35
1519574400,0,409,176.5897436,110.8333333,157.9060205,2299.843219,179
1519578000,0,445,195.5384615,168.5,162.3248164,2254.888406,48
1519581600,1,4408,4132.615385,4140.666667,4092.859853,5969.225902,4172
1519585200,1,8059,7146.589744,7464.666667,6925.287883,8392.885685,7746
1519588800,1,9691,7630.179487,8442.5,7172.230306,7768.771057,9296
1519592400,1,8507,5147.333333,6472.75,4553.784245,3841.916847,7985
1519596000,1,9995,5639.525641,7270.083333,5131.027396,3398.31778,9675
1519599600,1,9474,4000.051282,5929.5,3583.821917,747.4645417,9039
1519603200,1,8957,2570.820513,4646.25,2350.057533,1505.379436,8660
1519606800,1,9396,2295.012821,4345.083333,2319.046027,2377.433889,8906
1519610400,1,9752,1982.538462,3935.75,2211.236821,3074.071014,9265
1519614000,1,9805,1430.038462,3189.25,1821.989457,4068.896348,9026
1519617600,1,12289,3423.384615,4880.833333,3941.591566,2210.788031,11620
1519621200,1,9577,39.51282051,1178.833333,441.2732525,5460.931517,9022
1519624800,1,12285,2487.128205,3125.833333,3061.018602,2471.895658,11801
1519628400,1,12367,2088.230769,2551.416667,2530.814882,2543.51021,12158
1519632000,1,12090,1418.705128,1915.416667,1747.651905,2771.436213,11828
1519635600,1,10311,654.974359,63.5,380.8784758,4389.696165,10092
1519639200,1,7445,3511.205128,3079.833333,3170.702781,6439.023635,7285
1519642800,1,5886,4596.384615,4426.333333,4095.562224,6424.920453,5607
1519646400,1,4568,5233.410256,5445.333333,4594.44978,5798.947417,4493
1519650000,1,4187,4776.666667,5460.583333,4056.559824,4088.571998,3975
1519653600,1,4563,3560.576923,4650.5,2869.247859,1739.79359,4405
1519657200,1,4382,3026.115385,4399.083333,2476.398287,310.0277413,4086
1519660800,1,5346,1385.333333,2983.166667,1017.11863,2030.296549,4937
1519664400,1,6119,153.3846154,1631.583333,40.69490378,3634.306101,5674
1519668000,1,6259,237.6282051,1203.416667,107.444077,3451.151613,1851
1519671600,1,6680,843.7692308,280.25,506.9552616,3657.049214,1379
1519675200,1,7762,1968.884615,1275.666667,1487.564209,4615.802206,1929
1519678800,1,8640,2650.628205,2514.333333,2068.051367,5221.799178,133
1519682400,1,10883,4506.807692,4896.583333,3897.441094,6484.964941,888
1519686000,1,11130,4000.487179,4857.083333,3364.952875,5442.218347,1656
1519689600,1,12215,4338.24359,5505.083333,3776.9623,5058.388052,3258
1519693200,1,12584,3860.307692,5236.833333,3390.56984,3526.067521,3188
1519696800,1,14353,4823.641026,6306.083333,4481.455872,3520.010705,4601
1519700400,1,12588,2088.474359,3725.25,1820.164698,369.4035379,2783
1519704000,1,13607,2534.358974,4060.416667,2475.131758,1078.415444,1318
1519707600,1,12006,308.6794872,1771,379.1054065,3034.229723,2429
1519711200,1,10895,1074.782051,169.4166667,807.7156748,5035.067266,1390
1519714800,1,9605,2390.846154,1506.916667,1936.17254,6059.34961,2762
1519718400,1,7443,4321.012821,3912.666667,3710.938032,7396.766438,4647
1519722000,1,6154,5008.064103,5175.083333,4257.750425,7120.152408,4157
1519725600,1,5170,5195.897436,5951.916667,4390.20034,6083.391641,2275
1519729200,1,5796,3654.217949,4849.833333,2886.160272,3641.792053,90
1519732800,1,4373,4331.089744,5828.333333,3731.928218,3573.046205,195
1519736400,1,1791,6016.423077,7756.833333,5567.542574,4666.992966,2396
1519740000,1,1670,4944.064103,6978.416667,4575.034059,2936.679942,2893
1519743600,1,1820,3720.461538,5771.5,3510.027248,978.7689368,2562
1519747200,1,2320,2332.538462,4374.166667,2308.021798,870.1317756,3026
1519750800,1,3337,642.5897436,2416.583333,829.4174384,2953.219415,2782
1519754400,1,3401,206.8076923,1630.166667,599.5339507,3146.517111,2858
1519758000,1,3044,313.0128205,1362.666667,836.6271606,2901.513504,3636
1519761600,1,3165,17.62820513,694.9166667,548.3017285,3226.310096,4597
1519765200,1,4117,1076.538462,613.5833333,513.3586172,4472.162595,4523
1519768800,1,3418,283.1410256,84.33333333,288.3131062,3156.051237,7465
1519772400,1,2540,607.8333333,647.6666667,1108.650485,2368.985472,8590
1519776000,1,3907,858.8076923,990.6666667,480.079612,3614.202546,8308
1519779600,1,3912,711.3974359,1034.5,389.0636896,2980.645769,8672
1519783200,1,4947,1587.24359,1892.75,1346.250952,3101.214632,9406
1519786800,1,4763,1112.051282,1435.666667,893.0007614,2266.189963,7825
1519790400,1,3771,100.8205128,198.4166667,277.5993909,205.5983969,9836
1519794000,1,3877,25.34615385,183.5,116.0795127,310.9418575,8129
1519797600,1,4736,805.4230769,997.5,766.1363898,424.3848008,6159
1519801200,1,3874,210.0384615,24.25,249.0908881,825.100068,5731
1519804800,1,3901,186.7692308,17.91666667,172.2727105,740.9473806,3542
1519808400,1,4168,82.98717949,187.75,129.1818316,484.5554385,1986
1519812000,1,2576,1537.897436,1408.5,1488.654535,2015.019698,2594
1519815600,1,2042,1855.205128,1872.333333,1724.923628,2566.70922,3754
1519819200,1,1383,2226.153846,2489.833333,2038.938902,2631.941375,2990
1519822800,1,1194,2032.102564,2468.5,1820.151122,2055.683915,597
1519826400,1,1344,1502.333333,2092,1306.120897,1667.541441,326
1519830000,1,1391,1133.487179,1744.75,997.8967179,1244.548093,429
1519833600,1,1522,734.0641026,1332.75,667.3173744,861.5086931,798
1519837200,1,2347,295.974359,320.3333333,291.1461005,257.6856066,990
1519840800,1,2203,201.2564103,336.8333333,88.91688041,74.05637364,1198
1519844400,1,2961,1011.076923,632.25,829.1335043,1043.537862,83
1519848000,1,4302,2254.807692,2049.333333,2004.306803,2428.073524,1137
1519851600,1,3380,1017.525641,1093.916667,681.4454428,1312.277797,737
1519855200,1,3688,1157.230769,1467.583333,853.1563542,1524.157467,270
1519858800,1,3889,1132.448718,1575.916667,883.5250834,2012.11298,1349
